T_W1,T_W2,T_W3,T_W4
1100,1100,1100,1100
1101.57415072871,1101.57415072865,1101.57415072863,1101.57415072863
1101.43186760792,1101.43186760793,1101.43186760805,1101.43186760805
1117.1087602345,1117.10876023494,1117.10876023493,1117.10876023493
1123.44042214214,1123.44042214192,1123.44042214159,1123.44042214159
1129.92973681428,1129.9297368143,1129.92973681423,1129.92973681423
1134.14170422925,1134.14170422926,1134.14170422918,1134.14170422918
1137.53329454378,1137.53329454419,1137.53329454444,1137.53329454444
1139.90342305244,1139.90342305227,1139.90342305139,1139.90342305139
1141.81695140497,1141.81695140455,1141.8169514047,1141.8169514047
1143.35220418604,1143.17636755521,1143.17636755511,1143.17636755511
1144.57196030488,1144.0893049314,1144.08930493108,1144.08930493108
1145.74603822494,1144.88975008619,1144.88975008595,1144.88975008595
1146.73043410037,1145.45014150381,1145.45014150355,1145.45014150355
1147.60835433228,1145.87701759171,1145.87701759145,1145.87701759145
1148.40232191559,1146.19803268353,1146.19803268329,1146.19803268329
1149.11838842496,1146.43650928564,1146.43650928542,1146.43650928542
1149.81352844743,1146.631125586,1146.6311255858,1146.6311255858
1150.43659989927,1146.77062035899,1146.77062035883,1146.77062035883
1151.05271255681,1146.88753673344,1146.88753673328,1146.88753673328
1151.63382318386,1146.97745590075,1146.97745590063,1146.97745590063
1152.20706553072,1147.05279411378,1147.05279411367,1147.05279411367
1152.75648573101,1147.11313376598,1147.11313376589,1147.11313376589
1153.30235111344,1147.16487226103,1147.16487226095,1147.16487226095
1153.82547525103,1147.20738428425,1147.20738428419,1147.20738428419
1154.3483495509,1147.2449457002,1147.24494570014,1147.24494570014
1154.87684018576,1147.27876112667,1147.27876112662,1147.27876112662
1155.363525377,1147.30642496943,1147.30642496939,1147.30642496939
1155.87122417814,1147.33292424808,1147.33292424804,1147.33292424804
1156.35445382378,1147.35601723643,1147.3560172364,1147.3560172364
1156.83863768569,1147.37752515132,1147.3775251513,1147.3775251513
1157.31433471168,1147.39743949401,1147.39743949399,1147.39743949399
1157.7849940033,1147.41588391034,1147.41588391032,1147.41588391032
1158.251597401,1147.43333955892,1147.43333955891,1147.43333955891
1158.71580835962,1147.44989736241,1147.44989736241,1147.44989736241
1159.1757126057,1147.46562212893,1147.46562212893,1147.46562212893
1159.63260566649,1147.48063813295,1147.48063813294,1147.48063813294
1160.08574440962,1147.49499361498,1147.49499361498,1147.49499361498
1160.53559572002,1147.50875973393,1147.50875973393,1147.50875973393
1160.98197013467,1147.52197773429,1147.5219777343,1147.5219777343
1161.42506421883,1147.53469244911,1147.53469244911,1147.53469244911
1161.86486800523,1147.54693647277,1147.54693647277,1147.54693647277
1162.30149451264,1147.55874106366,1147.55874106366,1147.55874106366
1162.73499053834,1147.57013177203,1147.57013177203,1147.57013177203
1163.16544108415,1147.58113210017,1147.58113210017,1147.58113210017
1163.59290871866,1147.59176246194,1147.59176246194,1147.59176246194
1164.01746664211,1147.60204150451,1147.60204150451,1147.60204150451
1164.43917923764,1147.61198597006,1147.61198597006,1147.61198597006
1164.85811255479,1147.6216112324,1147.6216112324,1147.6216112324
1165.27432810235,1147.63093136774,1147.63093136774,1147.63093136774
1165.68788621536,1147.63995940749,1147.6399594075,1147.6399594075
1166.09915209395,1147.6487011383,1147.6487011383,1147.6487011383
1166.50734849205,1147.65717560939,1147.65717560937,1147.65717560937
1166.91391245902,1147.66540816685,1147.66540816684,1147.66540816684
1167.31742640919,1147.67338139288,1147.67338139286,1147.67338139286
1167.71899503794,1147.68112448065,1147.68112448063,1147.68112448063
1168.11795285848,1147.68863257052,1147.6886325705,1147.6886325705
1168.51477412777,1147.6959219705,1147.69592197048,1147.69592197048
1168.90856490744,1147.70298096772,1147.7029809677,1147.7029809677
1169.29963579365,1147.7098256527,1147.70982565268,1147.70982565268
1169.68962396426,1147.71648982387,1147.71648982386,1147.71648982386
1170.07675692798,1147.72294959051,1147.7229495905,1147.7229495905
1170.4623508308,1147.72923282809,1147.72923282808,1147.72923282808
1170.84558725426,1147.73533163395,1147.73533163394,1147.73533163394
1171.22701408888,1147.74126020205,1147.74126020204,1147.74126020204
1171.60633201158,1147.74701890525,1147.74701890525,1147.74701890525
1171.98376925002,1147.75261619074,1147.75261619074,1147.75261619074
1172.3592256094,1147.75805525464,1147.75805525464,1147.75805525464
1172.73280713108,1147.76334220498,1147.76334220497,1147.76334220497
1173.10448957645,1147.76848105605,1147.76848105604,1147.76848105604
1173.47433076807,1147.77347683255,1147.77347683254,1147.77347683254
1173.84233560073,1147.77833365606,1147.77833365606,1147.77833365606
1174.20854200066,1147.78305594979,1147.78305594979,1147.78305594979
1174.57296576901,1147.78764769606,1147.78764769606,1147.78764769606
1174.93563604077,1147.79211291473,1147.79211291473,1147.79211291473
1175.29657232539,1147.79645537164,1147.79645537164,1147.79645537164
1175.65579942661,1147.80067877417,1147.80067877417,1147.80067877417
1176.01333770258,1147.80478665619,1147.80478665619,1147.80478665619
1176.36920947815,1147.80878246122,1147.80878246122,1147.80878246122
1176.72343483407,1147.81266949759,1147.81266949759,1147.81266949759
1177.07603442723,1147.81645097587,1147.81645097587,1147.81645097587
1177.42702763693,1147.82012999231,1147.82012999231,1147.82012999231
1177.77643383769,1147.82370954719,1147.82370954719,1147.82370954719
1178.12427157015,1147.82719253973,1147.82719253973,1147.82719253973
1178.470559133,1147.83058177814,1147.83058177814,1147.83058177814
1178.81531440097,1147.83387998111,1147.83387998111,1147.83387998111
1179.15855424703,1147.83708977566,1147.83708977566,1147.83708977566
1179.50029602047,1147.84021371448,1147.84021371448,1147.84021371448
1179.84055582557,1147.84325426252,1147.84325426252,1147.84325426252
1180.17935000845,1147.84621381382,1147.84621381382,1147.84621381382
1180.51669407153,1147.84909468412,1147.84909468412,1147.84909468412
1180.85260347917,1147.85189912076,1147.85189912076,1147.85189912076
1181.18709310442,1147.85462930019,1147.85462930018,1147.85462930018
1181.52017764683,1147.8572873339,1147.8572873339,1147.8572873339
1181.85187135196,1147.85987526829,1147.85987526829,1147.85987526829
1182.18235063186,1147.86239588447,1147.86239588447,1147.86239588447
1182.51051640185,1147.86484491229,1147.86484491229,1147.86484491229
1182.83766657455,1147.86723002974,1147.86723002974,1147.86723002974
1183.16283463576,1147.86954838827,1147.86954838827,1147.86954838827
1183.48856339233,1147.87181814618,1147.87181814618,1147.87181814618
1183.81171966205,1147.87402313312,1147.87402313312,1147.87402313312
1184.13356365717,1147.87616876711,1147.87616876711,1147.87616876711
1184.4541617241,1147.87825942672,1147.87825942672,1147.87825942672
1184.77641109172,1147.88033406634,1147.88033406633,1147.88033406633
1185.09261195663,1147.88228790791,1147.88228790791,1147.88228790791
1185.40553617477,1147.88419985952,1147.88419985952,1147.88419985952
1185.72998362972,1147.88614361904,1147.88614361903,1147.88614361903
1186.04154865337,1147.8879526164,1147.8879526164,1147.8879526164
1186.3554516824,1147.88974606915,1147.88974606915,1147.88974606915
1186.66668474707,1147.89148444711,1147.89148444711,1147.89148444711
1186.9769452713,1147.89317922295,1147.89317922295,1147.89317922295
1187.29268497698,1147.89487773003,1147.89487773002,1147.89487773002
1187.59837001784,1147.89646473255,1147.89646473255,1147.89646473255
1187.90501676845,1147.89803660329,1147.89803660329,1147.89803660329
1188.20900754106,1147.89955055034,1147.89955055029,1147.89955055029
1188.51091893264,1147.90102828414,1147.90102828407,1147.90102828407
1188.81421959144,1147.90247936456,1147.90247936447,1147.90247936447
1189.11569767953,1147.90389140991,1147.9038914098,1147.9038914098
1189.41712498901,1147.90527310549,1147.90527310537,1147.90527310537
1189.7173022622,1147.90661999311,1147.90661999298,1147.90661999298
1190.01679274526,1147.90793544229,1147.90793544216,1147.90793544216
1190.31519933845,1147.90921850564,1147.9092185055,1147.9092185055
1190.61268622108,1147.91047070599,1147.91047070586,1147.91047070586
1190.90912461129,1147.91169225765,1147.91169225751,1147.91169225751
1191.20456148019,1147.91288412159,1147.91288412145,1147.91288412145
1191.49895649176,1147.91404686846,1147.91404686832,1147.91404686832
1191.79232474238,1147.91518128698,1147.91518128684,1147.91518128684
1192.08465585387,1147.91628804465,1147.91628804451,1147.91628804451
1192.37614591073,1147.91736786357,1147.91736786346,1147.91736786346
1192.66658624624,1147.91842136907,1147.91842136897,1147.91842136897
1192.95599754623,1147.919449388,1147.91944938792,1147.91944938792
1193.24434067807,1147.92045245114,1147.92045245106,1147.92045245106
1193.53166275125,1147.92143129799,1147.92143129793,1147.92143129793
1193.81795528883,1147.92238651015,1147.92238651009,1147.92238651009
1194.10323938047,1147.92331874134,1147.92331874128,1147.92331874128
1194.38751792393,1147.92422857919,1147.92422857914,1147.92422857914
1194.67080265378,1147.92511662515,1147.9251166251,1147.9251166251
1194.95309940749,1147.9259834489,1147.92598344886,1147.92598344886
1195.2344165367,1147.9268296141,1147.92682961406,1147.92682961406
1195.5147603948,1147.92765566432,1147.92765566428,1147.92765566428
1195.79413797081,1147.92846213117,1147.92846213113,1147.92846213113
1196.0725555149,1147.92924953025,1147.92924953021,1147.92924953021
1196.35001937224,1147.93001836383,1147.9300183638,1147.9300183638
1196.62653556913,1147.93076911993,1147.93076911989,1147.93076911989
1196.90211008174,1147.93150227329,1147.93150227325,1147.93150227325
1197.17674871457,1147.93221828539,1147.93221828536,1147.93221828536
1197.45045718975,1147.932917605,1147.93291760497,1147.93291760497
1197.72324111335,1147.93360066838,1147.93360066835,1147.93360066835
1197.99510600674,1147.93426789971,1147.93426789968,1147.93426789968
1198.26605729875,1147.93491971137,1147.93491971134,1147.93491971134
1198.53610033771,1147.9355565043,1147.93555650427,1147.93555650427
1198.80524039093,1147.93617866832,1147.93617866829,1147.93617866829
1199.07348265007,1147.93678658243,1147.9367865824,1147.9367865824
1199.34083223244,1147.93738061513,1147.9373806151,1147.9373806151
1199.60729418394,1147.93796112471,1147.93796112468,1147.93796112468
1199.87287348067,1147.93852845954,1147.93852845952,1147.93852845952
1200.13757503097,1147.93908295836,1147.93908295834,1147.93908295834
1200.40140367689,1147.93962495055,1147.93962495053,1147.93962495053
1200.66436419585,1147.94015475641,1147.94015475638,1147.94015475638
1200.92646130203,1147.94067268737,1147.94067268735,1147.94067268735
1201.18770821994,1147.94117906421,1147.94117906419,1147.94117906419
1201.44800880118,1147.94167414628,1147.94167414626,1147.94167414626
1201.707521411,1147.94215823624,1147.94215823622,1147.94215823622
1201.96577639243,1147.94263075825,1147.94263075824,1147.94263075824
1202.22289775029,1147.94309203332,1147.94309203331,1147.94309203331
1202.47849970972,1147.94354195721,1147.94354195719,1147.94354195719
1202.73312401381,1147.94398169491,1147.9439816949,1147.9439816949
1202.98697718825,1147.94441177882,1147.9444117788,1147.9444117788
1203.24001473503,1147.9448324327,1147.94483243269,1147.94483243269
1203.49228144371,1147.94524397495,1147.94524397493,1147.94524397493
1203.74379839742,1147.94564669138,1147.94564669136,1147.94564669136
1204.0043976299,1147.94606213235,1147.94606213234,1147.94606213234
1204.247361436,1147.94643224133,1147.94643224132,1147.94643224132
1204.50969574038,1147.94683571314,1147.94683571314,1147.94683571314
1204.75673461456,1147.94720023224,1147.94720023224,1147.94720023224
1205.00174140141,1147.94755903484,1147.94755903484,1147.94755903484
1205.25691040733,1147.94792996264,1147.94792996264,1147.94792996264
1205.49947799035,1147.94826858532,1147.94826858533,1147.94826858533
1205.74121781944,1147.94860302052,1147.94860302052,1147.94860302052
1205.99616766753,1147.94895355356,1147.94895355356,1147.94895355356
1206.24098174677,1147.94927764383,1147.94927764383,1147.94927764383
1206.47909097468,1147.949591066,1147.94959106601,1147.94959106601
1206.73069264583,1147.94991812699,1147.949918127,1147.949918127
1206.97440426313,1147.95022408903,1147.95022408904,1147.95022408904
1207.20980348191,1147.9505180827,1147.9505180827,1147.9505180827
1207.45762831726,1147.95082366537,1147.95082366537,1147.95082366537
1207.69897524168,1147.95111086955,1147.95111086956,1147.95111086956
1207.93117640477,1147.95138597438,1147.95138597438,1147.95138597438
1208.1769090968,1147.95167317382,1147.95167317382,1147.95167317382
1208.41702864316,1147.95194432689,1147.95194432689,1147.95194432689
1208.64589615442,1147.95220184527,1147.95220184528,1147.95220184528
1208.8894321017,1147.95247189121,1147.95247189122,1147.95247189122
1209.12818774172,1147.95272752382,1147.95272752375,1147.95272752375
1209.36542394583,1147.95298089693,1147.95298089686,1147.95298089686
1209.60005768449,1147.95322652638,1147.95322652632,1147.95322652632
1209.8350251194,1147.95346877879,1147.9534687787,1147.9534687787
1210.06832931475,1147.95370514446,1147.95370514437,1147.95370514437
1210.30092632326,1147.95393686479,1147.9539368647,1147.9539368647
1210.532088425,1147.9541632031,1147.95416320303,1147.95416320303
1210.76333275345,1147.95438593609,1147.954385936,1147.954385936
1210.99330128688,1147.95460374137,1147.95460374127,1147.95460374127
1211.22223775045,1147.95481686239,1147.95481686232,1147.95481686232
1211.45128509914,1147.95502671419,1147.9550267141,1147.9550267141
1211.67918305809,1147.95523205516,1147.95523205507,1147.95523205507
1211.90645428085,1147.95543352662,1147.95543352652,1147.95543352652
1212.13289443536,1147.95563095724,1147.95563095716,1147.95563095716
1212.35860372098,1147.95582457588,1147.9558245758,1147.9558245758
1212.5837592917,1147.95601464303,1147.95601464296,1147.95601464296
1212.80803459738,1147.95620091713,1147.95620091707,1147.95620091707
1213.03188071016,1147.95638392338,1147.95638392331,1147.95638392331
1213.25472279006,1147.95656318015,1147.95656318009,1147.95656318009
1213.47727529874,1147.9567394499,1147.95673944983,1147.95673944983
1213.69858111991,1147.95691200537,1147.95691200527,1147.95691200527
1213.91749890509,1147.95707966969,1147.95707966965,1147.95707966965
1214.13304898794,1147.95724176543,1147.9572417654,1147.9572417654
1214.35336098306,1147.95740522568,1147.95740522565,1147.95740522565
1214.57033136692,1147.95756336279,1147.95756336279,1147.95756336279
1214.78912400908,1147.95772056128,1147.95772056126,1147.95772056126
1215.00613213249,1147.95787413,1147.95787412998,1147.95787412998
1215.22333456616,1147.95802565474,1147.95802565471,1147.95802565471
1215.43950825976,1147.9581742351,1147.95817423507,1147.95817423507
1215.65532856544,1147.95832042599,1147.95832042597,1147.95832042597
1215.87037577979,1147.95846395549,1147.95846395547,1147.95846395547
1216.0848781063,1147.95860503448,1147.95860503446,1147.95860503446
1216.29869324115,1147.95874360289,1147.95874360286,1147.95874360286
1216.51189879469,1147.95887975997,1147.95887975994,1147.95887975994
1216.72444746553,1147.95901351636,1147.95901351633,1147.95901351633
1216.93636659571,1147.95914493514,1147.95914493511,1147.95914493511
1217.1476414085,1147.95927405015,1147.95927405012,1147.95927405012
1217.35828251018,1147.95940091224,1147.95940091222,1147.95940091222
1217.56828627838,1147.95952556228,1147.95952556225,1147.95952556225
1217.77765773755,1147.95964804629,1147.95964804627,1147.95964804627
1217.9863970873,1147.95976840653,1147.95976840651,1147.95976840651
1218.19450747191,1147.95988668641,1147.95988668639,1147.95988668639
1218.40199038664,1147.96000292756,1147.96000292753,1147.96000292753
1218.60884832325,1147.9601171714,1147.96011717138,1147.96011717138
1218.8150831995,1147.9602294582,1147.96022945818,1147.96022945818
1219.02069726264,1147.96033982759,1147.96033982757,1147.96033982757
1219.22569255123,1147.96044831822,1147.9604483182,1147.9604483182
1219.43007120487,1147.96055496797,1147.96055496795,1147.96055496795
1219.63383527947,1147.96065981383,1147.96065981381,1147.96065981381
1219.83698685402,1147.96076289199,1147.96076289197,1147.96076289197
1220.03952796721,1147.96086423779,1147.96086423777,1147.96086423777
1220.24146065451,1147.96096388577,1147.96096388575,1147.96096388575
1220.4427869266,1147.96106186969,1147.96106186967,1147.96106186967
1220.64350878239,1147.9611582225,1147.96115822248,1147.96115822248
1220.84362820182,1147.96125297642,1147.9612529764,1147.9612529764
1221.04314715059,1147.96134616292,1147.96134616291,1147.96134616291
1221.24207436967,1147.96143781634,1147.96143781632,1147.96143781632
1221.44039655163,1147.96152795891,1147.96152795889,1147.96152795889
1221.63812901538,1147.96161662667,1147.96161662666,1147.96161662666
1221.83526495006,1147.96170384395,1147.96170384394,1147.96170384394
1222.03180676289,1147.96178963893,1147.96178963892,1147.96178963892
1222.22756185062,1147.96187394284,1147.96187394282,1147.96187394282
1222.42253579712,1147.9619567798,1147.96195677978,1147.96195677978
1222.61675238749,1147.96203818241,1147.9620381824,1147.9620381824
1222.81026481721,1147.96211819842,1147.96211819841,1147.96211819841
1223.00312752622,1147.96219687781,1147.96219687779,1147.96219687779
1223.19538742395,1147.96227426819,1147.96227426818,1147.96227426818
1223.38716951259,1147.96235045338,1147.96235045336,1147.96235045336
1223.57837800818,1147.96242541842,1147.96242541841,1147.96242541841
1223.76902885871,1147.96249919593,1147.96249919592,1147.96249919592
1223.95912755892,1147.96257181198,1147.96257181196,1147.96257181196
1224.1486827689,1147.96264329303,1147.96264329302,1147.96264329302
1224.33769930594,1147.9627136631,1147.96271366309,1147.96271366309
1224.52617965017,1147.96278294441,1147.9627829444,1147.9627829444
1224.71412480464,1147.9628511578,1147.96285115779,1147.96285115779
1224.90153493488,1147.962918323,1147.96291832299,1147.96291832299
1225.08840984318,1147.96298445892,1147.96298445891,1147.96298445891
1225.27474921724,1147.96304958382,1147.96304958381,1147.96304958381
1225.46055277768,1147.96311371539,1147.96311371538,1147.96311371538
1225.65443693958,1147.9631809659,1147.96318096589,1147.96318096589
1225.84289300293,1147.96324410715,1147.96324410714,1147.96324410714
1226.02977821448,1147.96330685827,1147.96330685827,1147.96330685827
1226.21494981299,1147.96336805831,1147.96336805831,1147.96336805831
1226.39895698685,1147.96342819024,1147.96342819024,1147.96342819024
1226.58038590018,1147.96348643998,1147.96348643998,1147.96348643998
1226.76011812288,1147.96354360694,1147.96354360694,1147.96354360694
1226.94533430068,1147.9636016467,1147.96360164669,1147.96360164669
1227.12312332516,1147.96365677932,1147.96365677932,1147.96365677932
1227.29909284505,1147.96371019021,1147.96371019021,1147.96371019021
1227.48415945817,1147.96376719324,1147.96376719323,1147.96376719323
1227.66420895471,1147.9638208336,1147.96382083357,1147.96382083357
1227.84077120799,1147.96387196224,1147.96387196223,1147.96387196223
1228.01945451212,1147.96392405162,1147.96392405161,1147.96392405161
1228.192398914,1147.96397330205,1147.96397330204,1147.96397330204
1228.37741249867,1147.96402681326,1147.96402681325,1147.96402681325
1228.54878412115,1147.96407392903,1147.96407392902,1147.96407392902
1228.72460225133,1147.96412272422,1147.96412272421,1147.96412272421
1228.9060737283,1147.96417327587,1147.96417327585,1147.96417327585
1229.07759131437,1147.9642188376,1147.96421883758,1147.96421883758
1229.25517249809,1147.96426634619,1147.96426634625,1147.96426634625
1229.42932749025,1147.96431233878,1147.96431233884,1147.96431233884
1229.60263599762,1147.96435745627,1147.96435745646,1147.96435745646
1229.77572959271,1147.96440215708,1147.9644021573,1147.9644021573
1229.95142396589,1147.96444730024,1147.96444730043,1147.96444730043
1230.11996403872,1147.96448966537,1147.96448966554,1147.96448966554
1230.29458027046,1147.96453338243,1147.9645333826,1147.9645333826
1230.46376179031,1147.96457486909,1147.96457486933,1147.96457486933
1230.63720865737,1147.96461751347,1147.96461751366,1147.96461751366
1230.80148669375,1147.96465677036,1147.96465677054,1147.96465677054
1230.97630922334,1147.96469866534,1147.96469866551,1147.96469866551
1231.14448348661,1147.96473825279,1147.96473825297,1147.96473825297
1231.3116856468,1147.96477720322,1147.96477720335,1147.96477720335
1231.48377288247,1147.96481697537,1147.96481697553,1147.96481697553
1231.651667327,1147.96485531702,1147.96485531716,1147.96485531716
1231.81939041748,1147.96489318039,1147.96489318053,1147.96489318053
1231.98326291143,1147.96492938951,1147.96492938972,1147.96492938972
1232.14861051813,1147.9649658105,1147.96496581072,1147.96496581072
1232.31330606328,1147.96500155093,1147.96500155119,1147.96500155119
1232.47944547725,1147.96503753741,1147.96503753762,1147.96503753762
1232.64098234759,1147.96507173287,1147.96507173303,1147.96507173303
1232.80807026036,1147.9651068928,1147.96510689296,1147.96510689296
1232.97031031315,1147.96514034366,1147.96514034388,1147.96514034388
1233.13335506045,1147.96517393491,1147.96517393514,1147.96517393514
1233.29553400402,1147.96520687909,1147.96520687933,1147.96520687933
1233.45754870942,1147.96523945264,1147.96523945289,1147.96523945289
1233.61992129399,1147.96527201498,1147.9652720152,1147.9652720152
1233.77968865977,1147.96530336034,1147.96530336049,1147.96530336049
1233.94161098841,1147.96533464665,1147.96533464688,1147.96533464688
1234.10204154199,1147.96536586522,1147.96536586539,1147.96536586539
1234.26014805827,1147.96539587925,1147.96539587939,1147.96539587939
1234.4231184666,1147.96542671096,1147.96542671111,1147.96542671111
1234.58003405883,1147.96545592129,1147.96545592142,1147.96545592142
1234.73832085969,1147.96548485879,1147.96548485897,1147.96548485897
1234.89635017949,1147.9655140435,1147.96551404364,1147.96551404364
1235.04578075928,1147.96554047032,1147.96554047044,1147.96554047044
1235.21037823099,1147.9655701394,1147.96557013952,1147.96557013952
1235.36430856844,1147.9655969023,1147.96559690247,1147.96559690247
1235.52149725622,1147.96562476794,1147.96562476808,1147.96562476808
1235.67507097629,1147.96565117467,1147.96565117478,1147.96565117478
1235.83325270326,1147.9656783123,1147.96567831235,1147.96567831235
1235.98326428532,1147.96570335977,1147.96570335985,1147.96570335985
1236.14173083949,1147.9657300526,1147.96573005263,1147.96573005263
1236.29366150076,1147.96575517175,1147.96575517176,1147.96575517176
1236.44617462912,1147.96578002187,1147.96578002189,1147.96578002189
1236.598852588,1147.96580468129,1147.9658046813,1147.9658046813
1236.75068300488,1147.96582897678,1147.96582897679,1147.96582897679
1236.90219505804,1147.96585296863,1147.96585296864,1147.96585296864
1237.05323635365,1147.9658766349,1147.96587663491,1147.96587663491
1237.20415564163,1147.96590023447,1147.96590023445,1147.96590023445
1237.35589576664,1147.96592371073,1147.9659237107,1147.9659237107
1237.50752839636,1147.96594665562,1147.96594665558,1147.96594665558
1237.65453797176,1147.96596865053,1147.96596865051,1147.96596865051
1237.80306082862,1147.96599094934,1147.9659909493,1147.9659909493
1237.95263668928,1147.96601306012,1147.96601306008,1147.96601306008
1238.10057920628,1147.9660345655,1147.96603456545,1147.96603456545
1238.24314687167,1147.96605489225,1147.96605489222,1147.96605489222
1238.39089490588,1147.96607596379,1147.96607596377,1147.96607596377
1238.5392375233,1147.96609687193,1147.9660968719,1147.9660968719
1238.68471841981,1147.96611707177,1147.96611707175,1147.96611707175
1238.8325096792,1147.96613774182,1147.96613774179,1147.96613774179
1238.97471638321,1147.96615699946,1147.96615699944,1147.96615699944
1239.12218364188,1147.96617708401,1147.96617708398,1147.96617708398
1239.26492383184,1147.96619607436,1147.96619607434,1147.96619607434
1239.40991191329,1147.96621554566,1147.96621554563,1147.96621554563
1239.54950779,1147.96623364933,1147.96623364932,1147.96623364932
1239.69083432895,1147.96625192104,1147.96625192103,1147.96625192103
1239.83665817826,1147.96627072332,1147.96627072331,1147.96627072331
1239.97815595791,1147.96628862039,1147.96628862038,1147.96628862038
1240.12266603846,1147.9663070787,1147.96630707868,1147.96630707868
1240.2631593846,1147.96632452933,1147.96632452931,1147.96632452931
1240.40330298125,1147.96634179302,1147.966341793,1147.966341793
1240.545604338,1147.96635940628,1147.96635940625,1147.96635940625
1240.6852442977,1147.9663762516,1147.96637625158,1147.96637625158
1240.82353465814,1147.96639272919,1147.96639272918,1147.96639272918
1240.96272658561,1147.96640944485,1147.96640944483,1147.96640944483
1241.0945901574,1147.96642447972,1147.96642447971,1147.96642447971
1241.23648315939,1147.9664411502,1147.96644115021,1147.96644115021
1241.37485626079,1147.96645705277,1147.96645705275,1147.96645705275
1241.51224281772,1147.96647256646,1147.96647256646,1147.96647256646
1241.65044160277,1147.96648836318,1147.96648836316,1147.96648836316
1241.78354642137,1147.96650297679,1147.96650297678,1147.96650297678
1241.92074498138,1147.96651821147,1147.96651821148,1147.96651821148
1242.05674604888,1147.96653311134,1147.96653311133,1147.96653311133
1242.19196773911,1147.96654763238,1147.96654763238,1147.96654763238
1242.32661538568,1147.96656225974,1147.96656225972,1147.96656225972
1242.46054681465,1147.96657628853,1147.96657628852,1147.96657628852
1242.5948051981,1147.9665903687,1147.96659036869,1147.96659036869
1242.73002414704,1147.96660462011,1147.9666046201,1147.9666046201
1242.86344890293,1147.96661833028,1147.96661833027,1147.96661833027
1242.99452521412,1147.96663156666,1147.96663156665,1147.96663156665
1243.12843430454,1147.96664529026,1147.96664529024,1147.96664529024
1243.25922712345,1147.96665837576,1147.96665837574,1147.96665837574
1243.38632635234,1147.96667074961,1147.9666707496,1147.9666707496
1243.51771067595,1147.96668364281,1147.96668364281,1147.96668364281
1243.64806454836,1147.96669627428,1147.96669627428,1147.96669627428
1243.77803834434,1147.96670868839,1147.96670868838,1147.96670868838
1243.90765880688,1147.9667209747,1147.96672097469,1147.96672097469
1244.03671759159,1147.96673308838,1147.96673308837,1147.96673308837
1244.1653499632,1147.96674504891,1147.96674504891,1147.96674504891
1244.29353982,1147.96675685322,1147.96675685322,1147.96675685322
1244.42130813896,1147.96676850512,1147.96676850511,1147.96676850511
1244.5486601469,1147.96678000626,1147.96678000625,1147.96678000625
1244.67560113367,1147.96679135888,1147.96679135887,1147.96679135887
1244.80213437981,1147.96680256497,1147.96680256497,1147.96680256497
1244.92821040034,1147.96681362653,1147.96681362654,1147.96681362654
1245.05414890111,1147.96682462621,1147.96682462621,1147.96682462621
1245.17928674664,1147.9668353543,1147.9668353543,1147.9668353543
1245.30427053966,1147.96684600182,1147.96684600183,1147.96684600183
1245.42894457633,1147.96685657035,1147.96685657035,1147.96685657035
1245.55282057803,1147.9668668814,1147.96686688142,1147.96686688142
1245.67684787004,1147.96687719789,1147.9668771979,1147.9668771979
1245.79986564739,1147.96688723111,1147.96688723113,1147.96688723113
1245.9231007434,1147.96689728382,1147.96689728382,1147.96689728382
1246.04531049588,1147.96690705464,1147.96690705466,1147.96690705466
1246.16771235271,1147.96691685029,1147.96691685031,1147.96691685031
1246.28931411022,1147.96692644517,1147.96692644518,1147.96692644518
1246.41052428186,1147.96693585874,1147.96693585876,1147.96693585876
1246.53172063644,1147.96694527205,1147.96694527207,1147.96694527207
1246.65212024016,1147.96695449856,1147.96695449857,1147.96695449857
1246.77215592407,1147.9669635489,1147.96696354892,1147.96696354892
1246.89219045246,1147.96697260459,1147.96697260461,1147.96697260461
1247.01137869553,1147.96698147704,1147.96698147706,1147.96698147706
1247.13036965802,1147.96699025401,1147.96699025404,1147.96699025404
1247.24893166881,1147.966998909,1147.96699890902,1147.96699890902
1247.36712254061,1147.96700745337,1147.96700745339,1147.96700745339
1247.48492418389,1147.96701588588,1147.9670158859,1147.9670158859
1247.60234061635,1147.96702420947,1147.9670242095,1147.9670242095
1247.71937091212,1147.96703242547,1147.9670324255,1147.9670324255
1247.83601559431,1147.96704053564,1147.96704053567,1147.96704053567
1247.95227510436,1147.96704854148,1147.9670485415,1147.9670485415
1248.0681500174,1147.96705644447,1147.9670564445,1147.9670564445
1248.18364097231,1147.96706424606,1147.96706424609,1147.96706424609
1248.29874864513,1147.96707194763,1147.96707194766,1147.96707194766
1248.41347373825,1147.96707955054,1147.96707955057,1147.96707955057
1248.52781696881,1147.96708705611,1147.96708705614,1147.96708705614
1248.64177906363,1147.96709446564,1147.96709446566,1147.96709446566
1248.75536075518,1147.9671017804,1147.96710178042,1147.96710178042
1248.86856277946,1147.96710900163,1147.96710900165,1147.96710900165
1248.9813858745,1147.96711613057,1147.96711613059,1147.96711613059
1249.09383077957,1147.96712316842,1147.96712316844,1147.96712316844
1249.20589823457,1147.96713011637,1147.96713011639,1147.96713011639
1249.31758897971,1147.9671369756,1147.96713697562,1147.96713697562
1249.42890375527,1147.96714374725,1147.96714374727,1147.96714374727
1249.53984330144,1147.96715043247,1147.96715043249,1147.96715043249
1249.65040835816,1147.96715703238,1147.9671570324,1147.9671570324
1249.76059966506,1147.96716354808,1147.9671635481,1147.9671635481
1249.87041796135,1147.96716998067,1147.96716998068,1147.96716998068
1249.97986398573,1147.96717633122,1147.96717633124,1147.96717633124
1250.08893847637,1147.96718260079,1147.96718260081,1147.96718260081
1250.19764217079,1147.96718879044,1147.96718879046,1147.96718879046
1250.30597580583,1147.9671949012,1147.96719490122,1147.96719490122
1250.41394011758,1147.96720093409,1147.96720093411,1147.96720093411
1250.52153584134,1147.96720689011,1147.96720689013,1147.96720689013
1250.62876371157,1147.96721277025,1147.96721277027,1147.96721277027
1250.73562446183,1147.96721857551,1147.96721857553,1147.96721857553
1250.84211882477,1147.96722430684,1147.96722430685,1147.96722430685
1250.94824753206,1147.96722996519,1147.96722996521,1147.96722996521
1251.05401131438,1147.96723555152,1147.96723555154,1147.96723555154
1251.15941090137,1147.96724106675,1147.96724106676,1147.96724106676
1251.26444702161,1147.96724651179,1147.9672465118,1147.9672465118
1251.36912040261,1147.96725188755,1147.96725188756,1147.96725188756
1251.47343177076,1147.96725719492,1147.96725719493,1147.96725719493
1251.57738185132,1147.96726243478,1147.9672624348,1147.9672624348
1251.68338797551,1147.96726792404,1147.96726792405,1147.96726792405
1251.78970107922,1147.9672730437,1147.96727304372,1147.96727304372
1251.89111547818,1147.9672779797,1147.96727797972,1147.96727797972
1251.99286611086,1147.9672829251,1147.96728292513,1147.96728292513
1252.0933808743,1147.96728765104,1147.96728765107,1147.96728765107
1252.1947358655,1147.96729245067,1147.96729245069,1147.96729245069
1252.29522535051,1147.9672971447,1147.96729714471,1147.96729714471
1252.39609970234,1147.96730182836,1147.96730182837,1147.96730182837
1252.49658900662,1147.96730645084,1147.96730645085,1147.96730645085
1252.59689540807,1147.96731103199,1147.967311032,1147.967311032
1252.69687358488,1147.96731555983,1147.96731555984,1147.96731555984
1252.79653785083,1147.96732003797,1147.96732003798,1147.96732003798
1252.8958666885,1147.96732446345,1147.96732446345,1147.96732446345
1252.99484684871,1147.96732883684,1147.96732883685,1147.96732883685
1253.09348778666,1147.96733315751,1147.96733315751,1147.96733315751
1253.19176954288,1147.96733742566,1147.96733742566,1147.96733742566
1253.28971360011,1147.96734164136,1147.96734164136,1147.96734164136
1253.38729439138,1147.96734580492,1147.96734580492,1147.96734580492
1253.48454157739,1147.96734991667,1147.96734991668,1147.96734991668
1253.58142291231,1147.96735397706,1147.96735397706,1147.96735397706
1253.67797581342,1147.96735798653,1147.96735798653,1147.96735798653
1253.77416037095,1147.96736194561,1147.96736194561,1147.96736194561
1253.87002218237,1147.96736585482,1147.96736585482,1147.96736585482
1253.96551286782,1147.96736971472,1147.96736971472,1147.96736971472
1254.06068683834,1147.96737352586,1147.96737352586,1147.96737352586
1254.1554865289,1147.96737728883,1147.96737728883,1147.96737728883
1254.24997583709,1147.9673810042,1147.9673810042,1147.9673810042
1254.3440873402,1147.96738467254,1147.96738467254,1147.96738467254
1254.43789508824,1147.96738829444,1147.96738829444,1147.96738829444
1254.53132115303,1147.96739187047,1147.96739187048,1147.96739187048
1254.62445038377,1147.96739540121,1147.96739540121,1147.96739540121
1254.71719371863,1147.96739888722,1147.96739888722,1147.96739888722
1254.80964743159,1147.96740232906,1147.96740232906,1147.96740232906
1254.90171071725,1147.9674057273,1147.9674057273,1147.9674057273
1254.99349187942,1147.96740908249,1147.96740908249,1147.96740908249
1255.08487777725,1147.96741239517,1147.96741239517,1147.96741239517
1255.17598932966,1147.96741566588,1147.96741566588,1147.96741566588
1255.26670048646,1147.96741889517,1147.96741889517,1147.96741889517
1255.35714534809,1147.96742208354,1147.96742208354,1147.96742208354
1255.44718439888,1147.96742523153,1147.96742523153,1147.96742523153
1255.53696546902,1147.96742833966,1147.96742833966,1147.96742833966
1255.62633503866,1147.96743140842,1147.96743140842,1147.96743140842
1255.71545519835,1147.96743443832,1147.96743443832,1147.96743443832
1255.80415790249,1147.96743742986,1147.96743742986,1147.96743742986
1255.8926200155,1147.96744038352,1147.96744038352,1147.96744038352
1255.98065846127,1147.96744329979,1147.96744329979,1147.96744329979
1256.06846537479,1147.96744617914,1147.96744617914,1147.96744617914
1256.15584216119,1147.96744902205,1147.96744902205,1147.96744902205
1256.24299670639,1147.96745182898,1147.96745182898,1147.96745182898
1256.32971442461,1147.96745460038,1147.96745460038,1147.96745460038
1256.41621941709,1147.96745733671,1147.96745733671,1147.96745733671
1256.50228065082,1147.96746003842,1147.96746003842,1147.96746003842
1256.58813889095,1147.96746270595,1147.96746270595,1147.96746270595
1256.67354621655,1147.96746533973,1147.96746533973,1147.96746533973
1256.75876048987,1147.96746794018,1147.96746794018,1147.96746794018
1256.8435164766,1147.96747050775,1147.96747050775,1147.96747050775
1256.92808955404,1147.96747304284,1147.96747304284,1147.96747304284
1257.01219676424,1147.96747554586,1147.96747554586,1147.96747554586
1257.09613140248,1147.96747801723,1147.96747801723,1147.96747801723
1257.1795923917,1147.96748045735,1147.96748045735,1147.96748045735
1257.26289133336,1147.96748286661,1147.96748286661,1147.96748286661
1257.34570865057,1147.96748524541,1147.96748524541,1147.96748524541
1257.42837462447,1147.96748759414,1147.96748759414,1147.96748759414
1257.51055081217,1147.96748991317,1147.96748991317,1147.96748991317
1257.59258653355,1147.96749220288,1147.96749220288,1147.96749220288
1257.67412412793,1147.96749446366,1147.96749446366,1147.96749446366
1257.75553229864,1147.96749669585,1147.96749669585,1147.96749669585
1257.83643382971,1147.96749889983,1147.96749889983,1147.96749889983
1257.91721713843,1147.96750107596,1147.96750107596,1147.96750107596
1257.99748513016,1147.96750322459,1147.96750322459,1147.96750322459
1258.07764625252,1147.96750534606,1147.96750534606,1147.96750534606
1258.15728322298,1147.96750744073,1147.96750744073,1147.96750744073
1258.23682482179,1147.96750950893,1147.96750950893,1147.96750950893
1258.31583328324,1147.967511551,1147.967511551,1147.967511551
1258.39475800861,1147.96751356727,1147.96751356727,1147.96751356727
1258.47314046768,1147.96751555807,1147.96751555807,1147.96751555807
1258.55145095718,1147.96751752372,1147.96751752372,1147.96751752372
1258.62920991492,1147.96751946454,1147.96751946454,1147.96751946454
1258.70690879371,1147.96752138084,1147.96752138084,1147.96752138084
1258.78404674578,1147.96752327294,1147.96752327294,1147.96752327294
1258.86113662675,1147.96752514115,1147.96752514115,1147.96752514115
1258.93765606347,1147.96752698575,1147.96752698575,1147.96752698575
1259.01413954736,1147.96752880707,1147.96752880707,1147.96752880707
1259.09004295386,1147.96753060538,1147.96753060538,1147.96753060538
1259.16592262939,1147.96753238098,1147.96753238098,1147.96753238098
1259.24121248569,1147.96753413417,1147.96753413417,1147.96753413417
1259.31649092964,1147.96753586521,1147.96753586521,1147.96753586521
1259.39116971077,1147.96753757441,1147.96753757441,1147.96753757441
1259.46584948811,1147.96753926202,1147.96753926202,1147.96753926202
1259.53991966421,1147.96754092832,1147.96754092832,1147.96754092832
1259.6140033282,1147.96754257359,1147.96754257359,1147.96754257359
1259.6874673646,1147.96754419809,1147.96754419809,1147.96754419809
1259.76095745686,1147.96754580209,1147.96754580209,1147.96754580209
1259.83381781419,1147.96754738583,1147.96754738583,1147.96754738583
1259.90671686481,1147.96754894959,1147.96754894959,1147.96754894959
1259.97897599906,1147.96755049361,1147.96755049361,1147.96755049361
1260.0512865267,1147.96755201814,1147.96755201814,1147.96755201814
1260.12294688932,1147.96755352343,1147.96755352343,1147.96755352343
1260.19467140125,1147.96755500972,1147.96755500972,1147.96755500972
1260.26573543924,1147.96755647726,1147.96755647726,1147.96755647726
1260.33687643145,1147.96755792627,1147.96755792627,1147.96755792627
1260.40734658741,1147.967559357,1147.967559357,1147.967559357
1260.47790654467,1147.96756076968,1147.96756076968,1147.96756076968
1260.54778525688,1147.96756216453,1147.96756216453,1147.96756216453
1260.61776665281,1147.96756354178,1147.96756354178,1147.96756354178
1260.68705635531,1147.96756490166,1147.96756490166,1147.96756490166
1260.75646165242,1147.96756624437,1147.96756624437,1147.96756624437
1260.82516477505,1147.96756757015,1147.96756757015,1147.96756757015
1260.89399642487,1147.9675688792,1147.9675688792,1147.9675688792
1260.96211539332,1147.96757017173,1147.96757017173,1147.96757017173
1261.0303758364,1147.96757144796,1147.96757144796,1147.96757144796
1261.09791307229,1147.96757270809,1147.96757270809,1147.96757270809
1261.16560473827,1147.96757395232,1147.96757395232,1147.96757395232
1261.23256265917,1147.96757518086,1147.96757518086,1147.96757518086
1261.29968796685,1147.9675763939,1147.9675763939,1147.9675763939
1261.36606898633,1147.96757759164,1147.96757759164,1147.96757759164
1261.43263034372,1147.96757877427,1147.96757877427,1147.96757877427
1261.49843687138,1147.96757994199,1147.96757994199,1147.96757994199
1261.56443667572,1147.96758109497,1147.96758109497,1147.96758109497
1261.62967111724,1147.96758223342,1147.96758223342,1147.96758223342
1261.6951117551,1147.9675833575,1147.9675833575,1147.9675833575
1261.75977651224,1147.96758446741,1147.96758446742,1147.96758446742
1261.82466035951,1147.96758556333,1147.96758556333,1147.96758556333
1261.88875783014,1147.96758664542,1147.96758664542,1147.96758664542
1261.95308725212,1147.96758771387,1147.96758771387,1147.96758771387
1262.01661983023,1147.96758876884,1147.96758876884,1147.96758876884
1262.08039718164,1147.96758981051,1147.96758981051,1147.96758981051
1262.14336725737,1147.96759083904,1147.96759083904,1147.96759083904
1262.2065948824,1147.9675918546,1147.9675918546,1147.9675918546
1262.26900484202,1147.96759285736,1147.96759285736,1147.96759285736
1262.33168507438,1147.96759384747,1147.96759384747,1147.96759384747
1262.39653100989,1147.9675948251,1147.9675948251,1147.9675948251
1262.4552037563,1147.96759579041,1147.96759579041,1147.96759579041
1262.52004703154,1147.96759674354,1147.96759674354,1147.96759674354
1262.57804090955,1147.96759768465,1147.96759768465,1147.96759768465
1262.6424162371,1147.9675986139,1147.9675986139,1147.9675986139
1262.6998090077,1147.96759953144,1147.96759953144,1147.96759953144
1262.76371110862,1147.9676004374,1147.9676004374,1147.9676004374
1262.8204966448,1147.96760133194,1147.96760133194,1147.96760133194
1262.88392399831,1147.96760221521,1147.96760221521,1147.96760221521
1262.9401029739,1147.96760308734,1147.96760308734,1147.96760308734
1263.00305622601,1147.96760394848,1147.96760394848,1147.96760394848
1263.05863079497,1147.96760479876,1147.96760479876,1147.96760479876
1263.12111140994,1147.96760563832,1147.96760563832,1147.96760563832
1263.17608416288,1147.9676064673,1147.9676064673,1147.9676064673
1263.23809383743,1147.96760728583,1147.96760728583,1147.96760728583
1263.29246750377,1147.96760809404,1147.96760809404,1147.96760809404
1263.35400797746,1147.96760889206,1147.96760889206,1147.96760889206
1263.40778534199,1147.96760968002,1147.96760968002,1147.96760968002
1263.46885833991,1147.96761045806,1147.96761045806,1147.96761045806
1263.52204222013,1147.96761122628,1147.96761122628,1147.96761122628
1263.58264943716,1147.96761198482,1147.96761198482,1147.96761198482
1263.63524267734,1147.9676127338,1147.9676127338,1147.9676127338
1263.69538577422,1147.96761347334,1147.96761347334,1147.96761347334
1263.74739124348,1147.96761420356,1147.96761420356,1147.96761420356
1263.807071846,1147.96761492458,1147.96761492458,1147.96761492458
1263.85849243745,1147.9676156365,1147.9676156365,1147.9676156365
1263.91771213641,1147.96761633946,1147.96761633946,1147.96761633946
1263.96855076639,1147.96761703355,1147.96761703355,1147.96761703355
1264.02731111768,1147.9676177189,1147.9676177189,1147.9676177189
1264.0775707251,1147.96761839561,1147.96761839561,1147.96761839561
1264.13587324992,1147.96761906379,1147.96761906379,1147.96761906379
1264.18555679557,1147.96761972355,1147.96761972355,1147.96761972355
1264.24340298062,1147.967620375,1147.967620375,1147.967620375
1264.29251344661,1147.96762101823,1147.96762101823,1147.96762101823
1264.34990474435,1147.96762165336,1147.96762165336,1147.96762165336
1264.39844513348,1147.96762228049,1147.96762228049,1147.96762228049
1264.45538296245,1147.96762289971,1147.96762289971,1147.96762289971
1264.50335629761,1147.96762351113,1147.96762351113,1147.96762351113
1264.55984204273,1147.96762411485,1147.96762411485,1147.96762411485
1264.60725136637,1147.96762471095,1147.96762471095,1147.96762471095
1264.66328637929,1147.96762529955,1147.96762529955,1147.96762529955
1264.71013475284,1147.96762588073,1147.96762588073,1147.96762588073
1264.76572035231,1147.96762645458,1147.96762645458,1147.96762645458
1264.81201085563,1147.9676270212,1147.9676270212,1147.9676270212
1264.86714832788,1147.96762758069,1147.96762758069,1147.96762758069
1264.91288405872,1147.96762813312,1147.96762813312,1147.96762813312
1264.96757465785,1147.96762867859,1147.96762867859,1147.96762867859
1265.01275873129,1147.96762921719,1147.96762921719,1147.96762921719
1265.06700367965,1147.967629749,1147.967629749,1147.967629749
1265.11163922755,1147.96763027411,1147.96763027411,1147.96763027411
1265.16543971622,1147.96763079261,1147.96763079261,1147.96763079261
1265.20952988667,1147.96763130457,1147.96763130457,1147.96763130457
1265.26288707578,1147.96763181008,1147.96763181008,1147.96763181008
1265.30643503258,1147.96763230922,1147.96763230922,1147.96763230922
1265.35935005181,1147.96763280207,1147.96763280207,1147.96763280207
1265.40235897385,1147.96763328871,1147.96763328871,1147.96763328871
1265.45483292284,1147.96763376922,1147.96763376922,1147.96763376922
1265.4973060036,1147.96763424368,1147.96763424368,1147.96763424368
1265.54933995237,1147.96763471216,1147.96763471216,1147.96763471216
1265.59128039932,1147.96763517473,1147.96763517474,1147.96763517474
1265.64287538873,1147.96763563148,1147.96763563148,1147.96763563148
1265.68428642281,1147.96763608248,1147.96763608248,1147.96763608248
1265.73544346497,1147.96763652779,1147.96763652779,1147.96763652779
1265.77632831995,1147.96763696749,1147.96763696749,1147.96763696749
1265.82704839869,1147.96763740165,1147.96763740165,1147.96763740165
1265.8674103207,1147.96763783034,1147.96763783034,1147.96763783034
1265.917694392,1147.96763825363,1147.96763825363,1147.96763825363
1265.95753663884,1147.96763867159,1147.96763867159,1147.96763867159
1266.00738563128,1147.96763908428,1147.96763908428,1147.96763908428
1266.04671147194,1147.96763949177,1147.96763949177,1147.96763949177
1266.09612628717,1147.96763989413,1147.96763989413,1147.96763989413
1266.13493900116,1147.96764029142,1147.96764029142,1147.96764029142
1266.18392051431,1147.9676406837,1147.9676406837,1147.9676406837
1266.22222339115,1147.96764107104,1147.96764107104,1147.96764107104
1266.27077245131,1147.96764145351,1147.96764145351,1147.96764145351
1266.3085687899,1147.96764183115,1147.96764183115,1147.96764183115
1266.35668622056,1147.96764220404,1147.96764220404,1147.96764220404
1266.3939793286,1147.96764257223,1147.96764257223,1147.96764257223
1266.4416659281,1147.96764293578,1147.96764293578,1147.96764293578
1266.47845912149,1147.96764329475,1147.96764329475,1147.96764329475
1266.52571566347,1147.96764364919,1147.96764364919,1147.96764364919
1266.56201226571,1147.96764399918,1147.96764399918,1147.96764399918
1266.60883949957,1147.96764434475,1147.96764434475,1147.96764434475
1266.64464284118,1147.96764468597,1147.96764468597,1147.96764468597
1266.69104149251,1147.96764502289,1147.96764502289,1147.96764502289
1266.72635491041,1147.96764535557,1147.96764535557,1147.96764535557
1266.77232568148,1147.96764568406,1147.96764568406,1147.96764568406
1266.8071525184,1147.96764600841,1147.96764600841,1147.96764600841
1266.85269608855,1147.96764632867,1147.96764632867,1147.96764632867
1266.88703969242,1147.9676466449,1147.9676466449,1147.9676466449
1266.93215671855,1147.96764695714,1147.96764695714,1147.96764695714
1266.96602044191,1147.96764726546,1147.96764726546,1147.96764726546
1267.0107115589,1147.96764756988,1147.96764756988,1147.96764756988
1267.04409875828,1147.96764787048,1147.96764787048,1147.96764787048
1267.08836457947,1147.96764816728,1147.96764816728,1147.96764816728
1267.12127861477,1147.96764846035,1147.96764846035,1147.96764846035
1267.16511973236,1147.96764874973,1147.96764874973,1147.96764874973
1267.1975639663,1147.96764903546,1147.96764903546,1147.96764903546
1267.23588602036,1147.96764931759,1147.96764931759,1147.96764931759
1267.27872133697,1147.96764959617,1147.96764959617,1147.96764959617
1267.31000275575,1147.96764987124,1147.96764987124,1147.96764987124
1267.34853638492,1147.96765014284,1147.96765014284,1147.96765014284
1267.3899772818,1147.96765041102,1147.96765041102,1147.96765041102
1267.42113203143,1147.96765067583,1147.96765067583,1147.96765067583
1267.4629491621,1147.96765094814,1147.96765094814,1147.96765094814
1267.49943664985,1147.96765121244,1147.96765121244,1147.96765121244
1267.53606481974,1147.96765147652,1147.96765147653,1147.96765147653
1267.57045010161,1147.96765171563,1147.96765171563,1147.96765171563
1267.60129829895,1147.9676519648,1147.9676519648,1147.9676519648
1267.64257880453,1147.96765220547,1147.96765220547,1147.96765220547
1267.67608333115,1147.96765245825,1147.96765245825,1147.96765245825
1267.71210927406,1147.9676527059,1147.9676527059,1147.9676527059
1267.74635445386,1147.9676529397,1147.9676529397,1147.9676529397
1267.78220033922,1147.96765317935,1147.96765317935,1147.96765317935
1267.81501194861,1147.96765340821,1147.96765340821,1147.96765340821
1267.8500407901,1147.96765364411,1147.96765364411,1147.96765364411
1267.88368370203,1147.96765386365,1147.96765386365,1147.96765386365
1267.9184475196,1147.96765409312,1147.96765409312,1147.96765409312
1267.95093483214,1147.96765430574,1147.96765430574,1147.96765430574
1267.985212532,1147.96765452796,1147.96765452796,1147.96765452796
1268.01553757051,1147.96765473149,1147.96765473149,1147.96765473149
1268.05082588556,1147.96765493603,1147.96765493603,1147.96765493603
1268.08070131069,1147.96765513339,1147.96765513339,1147.96765513339
1268.11622481313,1147.96765535671,1147.96765535671,1147.96765535671
1268.14823427811,1147.96765556025,1147.96765556025,1147.96765556025
1268.1803643176,1147.96765576311,1147.96765576311,1147.96765576311
1268.21169008251,1147.96765595773,1147.96765595773,1147.96765595773
1268.2435634766,1147.96765615889,1147.96765615889,1147.96765615889
1268.27403269737,1147.96765633941,1147.96765633941,1147.96765633941
1268.30463563692,1147.96765652248,1147.96765652248,1147.96765652248
1268.33656275979,1147.96765672378,1147.96765672378,1147.96765672378
1268.36702019998,1147.96765690437,1147.96765690437,1147.96765690437
1268.39722989491,1147.96765708057,1147.96765708057,1147.96765708057
1268.42775390243,1147.9676572651,1147.9676572651,1147.9676572651
1268.45753769623,1147.96765744131,1147.96765744131,1147.96765744131
1268.4871989103,1147.96765761095,1147.96765761095,1147.96765761095
1268.51759195853,1147.96765779413,1147.96765779413,1147.96765779413
1268.54733042874,1147.96765797023,1147.96765797023,1147.96765797023
1268.57640276225,1147.9676581367,1147.9676581367,1147.9676581367
1268.60500086946,1147.96765829735,1147.96765829735,1147.96765829735
1268.63441815799,1147.96765847038,1147.96765847038,1147.96765847038
1268.66335902279,1147.96765863874,1147.96765863874,1147.96765863874
1268.69220561332,1147.96765880388,1147.96765880388,1147.96765880388
1268.72054366204,1147.96765896542,1147.96765896542,1147.96765896542
1268.74842662079,1147.96765912192,1147.96765912192,1147.96765912192
1268.77559128108,1147.96765926733,1147.96765926733,1147.96765926733
1268.80299878122,1147.96765941825,1147.96765941825,1147.96765941825
1268.83017265679,1147.96765956515,1147.96765956515,1147.96765956515
1268.85737508118,1147.96765971244,1147.96765971244,1147.96765971244
1268.88439872893,1147.96765985777,1147.96765985777,1147.96765985777
1268.9112614407,1147.96766000207,1147.96766000207,1147.96766000207
1268.93793527175,1147.96766014476,1147.96766014476,1147.96766014476
1268.96441310918,1147.96766028601,1147.96766028601,1147.96766028601
1268.99069675025,1147.96766042566,1147.96766042566,1147.96766042566
1269.01677825291,1147.96766056374,1147.96766056374,1147.96766056374
1269.04266573883,1147.96766070021,1147.96766070021,1147.96766070021
1269.06835086902,1147.96766083507,1147.96766083507,1147.96766083507
1269.09384358081,1147.96766096831,1147.96766096831,1147.96766096831
1269.11913466291,1147.96766109993,1147.96766109993,1147.96766109993
1269.14423502503,1147.96766122994,1147.96766122994,1147.96766122994
1269.16913444517,1147.96766135835,1147.96766135835,1147.96766135835
1269.1938446997,1147.96766148518,1147.96766148518,1147.96766148518
1269.21835455541,1147.96766161042,1147.96766161042,1147.96766161042
1269.24267667659,1147.96766173411,1147.96766173411,1147.96766173411
1269.26679884082,1147.96766185625,1147.96766185625,1147.96766185625
1269.29073462712,1147.96766197687,1147.96766197687,1147.96766197687
1269.31447084106,1147.96766209597,1147.96766209597,1147.96766209597
1269.33802199131,1147.96766221358,1147.96766221358,1147.96766221358
1269.36137392315,1147.96766232971,1147.96766232971,1147.96766232971
1269.38454207961,1147.96766244438,1147.96766244438,1147.96766244438
1269.40751135525,1147.96766255761,1147.96766255761,1147.96766255761
1269.43029812519,1147.96766266942,1147.96766266942,1147.96766266942
1269.45288634321,1147.96766277982,1147.96766277982,1147.96766277982
1269.47529330935,1147.96766288883,1147.96766288883,1147.96766288883
1269.4975020482,1147.96766299647,1147.96766299647,1147.96766299647
1269.51953077379,1147.96766310275,1147.96766310275,1147.96766310275
1269.54136159528,1147.9676632077,1147.9676632077,1147.9676632077
1269.56301362661,1147.96766331132,1147.96766331132,1147.96766331132
1269.58446807766,1147.96766341364,1147.96766341364,1147.96766341364
1269.60574494538,1147.96766351467,1147.96766351467,1147.96766351467
1269.62682455891,1147.96766361443,1147.96766361443,1147.96766361443
1269.64772777873,1147.96766371293,1147.96766371293,1147.96766371293
1269.66843407415,1147.96766381019,1147.96766381019,1147.96766381019
1269.68896514727,1147.96766390623,1147.96766390623,1147.96766390623
1269.7092996307,1147.96766400105,1147.96766400105,1147.96766400105
1269.72946004404,1147.96766409469,1147.96766409469,1147.96766409469
1269.74942420847,1147.96766418714,1147.96766418714,1147.96766418714
1269.76921543482,1147.96766427843,1147.96766427843,1147.96766427843
1269.78881076013,1147.96766436857,1147.96766436857,1147.96766436857
1269.80823425823,1147.96766445757,1147.96766445757,1147.96766445757
1269.82746221125,1147.96766454545,1147.96766454545,1147.96766454545
1269.84651942585,1147.96766463223,1147.96766463223,1147.96766463223
1269.86538146028,1147.96766471791,1147.96766471791,1147.96766471791
1269.88407382218,1147.96766480252,1147.96766480252,1147.96766480252
1269.90257137861,1147.96766488605,1147.96766488605,1147.96766488605
1269.92090030465,1147.96766496854,1147.96766496854,1147.96766496854
1269.93903481046,1147.96766504999,1147.96766504999,1147.96766504999
1269.95700170355,1147.96766513041,1147.96766513041,1147.96766513041
1269.97477457289,1147.96766520982,1147.96766520982,1147.96766520982
1269.99238082197,1147.96766528823,1147.96766528823,1147.96766528823
1270.00979345566,1147.96766536565,1147.96766536565,1147.96766536565
1270.0270404357,1147.96766544209,1147.96766544209,1147.96766544209
1270.04409422119,1147.96766551757,1147.96766551757,1147.96766551757
1270.06098329318,1147.96766559211,1147.96766559211,1147.96766559211
1270.07767960445,1147.9676656657,1147.9676656657,1147.9676656657
1270.09421211536,1147.96766573837,1147.96766573837,1147.96766573837
1270.11055231286,1147.96766581012,1147.96766581012,1147.96766581012
1270.12672959562,1147.96766588097,1147.96766588097,1147.96766588097
1270.14271502618,1147.96766595092,1147.96766595092,1147.96766595092
1270.15853839965,1147.96766602,1147.96766602,1147.96766602
1270.1741703964,1147.9676660882,1147.9676660882,1147.9676660882
1270.18964116535,1147.96766615555,1147.96766615555,1147.96766615555
1270.20492104765,1147.96766622204,1147.96766622204,1147.96766622204
1270.22004050272,1147.9676662877,1147.9676662877,1147.9676662877
1270.23496957608,1147.96766635254,1147.96766635254,1147.96766635254
1270.24973899375,1147.96766641655,1147.96766641655,1147.96766641655
1270.26431854975,1147.96766647976,1147.96766647976,1147.96766647976
1270.27873919232,1147.96766654218,1147.96766654218,1147.96766654218
1270.29297050854,1147.9676666038,1147.9676666038,1147.9676666038
1270.30704362408,1147.96766666466,1147.96766666466,1147.96766666466
1270.32092796399,1147.96766672474,1147.96766672474,1147.96766672474
1270.33465804638,1147.96766678407,1147.96766678407,1147.96766678407
1270.34825258874,1147.96766684265,1147.96766684265,1147.96766684265
1270.3618174752,1147.96766690049,1147.96766690049,1147.96766690049
1270.37536215859,1147.96766695761,1147.96766695761,1147.96766695761
1270.38893703691,1147.96766701401,1147.96766701401,1147.96766701401
1270.40251618228,1147.96766706969,1147.96766706969,1147.96766706969
1270.41613207304,1147.96766712468,1147.96766712468,1147.96766712468
1270.42975065744,1147.96766717897,1147.96766717897,1147.96766717897
1270.44340245134,1147.96766723257,1147.96766723257,1147.96766723257
1270.45705197454,1147.96766728551,1147.96766728551,1147.96766728551
1270.47073099739,1147.96766733777,1147.96766733777,1147.96766733777
1270.48440374523,1147.96766738938,1147.96766738938,1147.96766738938
1270.49810355344,1147.96766744034,1147.96766744034,1147.96766744034
1270.5117942616,1147.96766749066,1147.96766749066,1147.96766749066
1270.5255105787,1147.96766754034,1147.96766754034,1147.96766754034
1270.53921573889,1147.96766758939,1147.96766758939,1147.96766758939
1270.55294565102,1147.96766763783,1147.96766763783,1147.96766763783
1270.56666279,1147.96766768566,1147.96766768566,1147.96766768566
1270.58040416701,1147.96766773289,1147.96766773289,1147.96766773289
1270.59413140687,1147.96766777952,1147.96766777952,1147.96766777952
1270.60788257771,1147.96766782556,1147.96766782556,1147.96766782556
1270.62161840005,1147.96766787103,1147.96766787103,1147.96766787103
1270.6353779817,1147.96766791592,1147.96766791592,1147.96766791592
1270.64912110345,1147.96766796025,1147.96766796025,1147.96766796025
1270.66288790954,1147.96766800402,1147.96766800402,1147.96766800402
1270.67663721483,1147.96766804723,1147.96766804723,1147.96766804723
1270.69041020377,1147.96766808991,1147.96766808991,1147.96766808991
1270.70416470374,1147.96766813204,1147.96766813204,1147.96766813204
1270.71794294686,1147.96766817365,1147.96766817365,1147.96766817365
1270.73170175393,1147.96766821473,1147.96766821473,1147.96766821473
1270.74548441429,1147.96766825529,1147.96766825529,1147.96766825529
1270.75924672438,1147.96766829534,1147.96766829534,1147.96766829534
1270.7730330416,1147.96766833489,1147.96766833489,1147.96766833489
1270.78679812112,1147.96766837394,1147.96766837394,1147.96766837394
1270.8005874,1147.9676684125,1147.9676684125,1147.9676684125
1270.81435457582,1147.96766845057,1147.96766845057,1147.96766845057
1270.8281461775,1147.96766848816,1147.96766848816,1147.96766848816
1270.84191482902,1147.96766852528,1147.96766852528,1147.96766852528
1270.85570816383,1147.96766856193,1147.96766856193,1147.96766856193
1270.86947771659,1147.96766859813,1147.96766859812,1147.96766859812
1270.8832722382,1147.96766863386,1147.96766863386,1147.96766863386
1270.89704215853,1147.96766866914,1147.96766866914,1147.96766866914
1270.91083735917,1147.96766870398,1147.96766870398,1147.96766870398
1270.9246071498,1147.96766873839,1147.96766873839,1147.96766873839
1270.93840255612,1147.96766877235,1147.96766877235,1147.96766877235
1270.95217175242,1147.96766880589,1147.96766880589,1147.96766880589
1270.96596692212,1147.96766883901,1147.96766883901,1147.96766883901
1270.97973508891,1147.96766887171,1147.96766887171,1147.96766887171
1270.99352960773,1147.967668904,1147.967668904,1147.967668904
1271.00729633657,1147.96766893589,1147.96766893588,1147.96766893588
1271.02108981577,1147.96766896737,1147.96766896737,1147.96766896737
1271.03485472256,1147.96766899845,1147.96766899845,1147.96766899845
1271.04864679671,1147.96766902914,1147.96766902914,1147.96766902914
1271.06240951967,1147.96766905945,1147.96766905945,1147.96766905945
1271.07619984472,1147.96766908937,1147.96766908937,1147.96766908937
1271.08996004253,1147.96766911892,1147.96766911892,1147.96766911892
1271.10374829412,1147.9676691481,1147.9676691481,1147.9676691481
1271.11750564437,1147.96766917691,1147.96766917691,1147.96766917691
1271.13129151631,1147.96766920535,1147.96766920535,1147.96766920535
1271.14504571407,1147.96766923344,1147.96766923344,1147.96766923344
1271.15882891701,1147.96766926117,1147.96766926117,1147.96766926117
1271.17257967353,1147.96766928856,1147.96766928856,1147.96766928856
1271.18635993378,1147.9676693156,1147.9676693156,1147.9676693156
1271.2001069754,1147.96766934229,1147.96766934229,1147.96766934229
1271.21388403379,1147.96766936866,1147.96766936866,1147.96766936866
1271.22762710088,1147.96766939469,1147.96766939469,1147.96766939469
1271.24140071186,1147.96766942039,1147.96766942039,1147.96766942039
1271.25513955789,1147.96766944577,1147.96766944577,1147.96766944577
1271.26890948858,1147.96766947083,1147.96766947083,1147.96766947083
1271.2826438793,1147.96766949557,1147.96766949557,1147.96766949557
1271.29640990869,1147.96766952,1147.96766952,1147.96766952
1271.31013962129,1147.96766954413,1147.96766954413,1147.96766954413
1271.32390153951,1147.96766956795,1147.96766956795,1147.96766956795
1271.33762636197,1147.96766959147,1147.96766959147,1147.96766959147
1271.35138396959,1147.96766961469,1147.96766961469,1147.96766961469
1271.36510369997,1147.96766963763,1147.96766963763,1147.96766963763
1271.37885680735,1147.96766966027,1147.96766966027,1147.96766966027
1271.39257125321,1147.96766968263,1147.96766968263,1147.96766968263
1271.40631967996,1147.9676697047,1147.9676697047,1147.9676697047
1271.42002865777,1147.9676697265,1147.9676697265,1147.9676697265
1271.43377223213,1147.96766974803,1147.96766974803,1147.96766974803
1271.44747556677,1147.96766976928,1147.96766976928,1147.96766976928
1271.46121412519,1147.96766979026,1147.96766979026,1147.96766979026
1271.47491164942,1147.96766981098,1147.96766981098,1147.96766981098
1271.48864503601,1147.96766983144,1147.96766983144,1147.96766983144
1271.50233659007,1147.96766985165,1147.96766985165,1147.96766985165
1271.51606465618,1147.96766987159,1147.96766987159,1147.96766987159
1271.52975008731,1147.96766989129,1147.96766989129,1147.96766989129
1271.54347269116,1147.96766991074,1147.96766991074,1147.96766991074
1271.5571518532,1147.96766992994,1147.96766992994,1147.96766992994
1271.57086885943,1147.9676699489,1147.9676699489,1147.9676699489
1271.58454161249,1147.96766996763,1147.96766996763,1147.96766996763
1271.59825289183,1147.96766998611,1147.96766998611,1147.96766998611
1271.6119191019,1147.96767000437,1147.96767000437,1147.96767000437
1271.62562453081,1147.96767002239,1147.96767002239,1147.96767002239
1271.63928406944,1147.96767004019,1147.96767004019,1147.96767004019
1271.65298352981,1147.96767005776,1147.96767005776,1147.96767005776
1271.66663627379,1147.96767007511,1147.96767007511,1147.96767007511
1271.68032965263,1147.96767009225,1147.96767009225,1147.96767009225
1271.6939754837,1147.96767010917,1147.96767010917,1147.96767010917
1271.70766267286,1147.96767012587,1147.96767012587,1147.96767012587
1271.72130147745,1147.96767014236,1147.96767014236,1147.96767014236
1271.73498237332,1147.96767015865,1147.96767015865,1147.96767015865
1271.74861404227,1147.96767017473,1147.96767017473,1147.96767017473
1271.76228854559,1147.96767019061,1147.96767019061,1147.96767019061
1271.77591297392,1147.96767020629,1147.96767020629,1147.96767020629
1271.78958098947,1147.96767022177,1147.96767022177,1147.96767022177
1271.80319807615,1147.96767023706,1147.96767023706,1147.96767023706
1271.8168595126,1147.96767025215,1147.96767025215,1147.96767025215
1271.83046916031,1147.96767026705,1147.96767026705,1147.96767026705
1271.84412392994,1147.96767028177,1147.96767028177,1147.96767028177
1271.85772604488,1147.9676702963,1147.9676702963,1147.9676702963
1271.87137406344,1147.96767031065,1147.96767031065,1147.96767031065
1271.88496855516,1147.96767032482,1147.96767032482,1147.96767032482
1271.89860974164,1147.96767033881,1147.9676703388,1147.9676703388
1271.91219652282,1147.96767035262,1147.96767035262,1147.96767035262
1271.92583079929,1147.96767036626,1147.96767036626,1147.96767036626
1271.93940978558,1147.96767037972,1147.96767037972,1147.96767037972
1271.95303707703,1147.96767039302,1147.96767039302,1147.96767039302
1271.96660818688,1147.96767040615,1147.96767040615,1147.96767040615
1271.98022842104,1147.96767041911,1147.96767041911,1147.96767041911
1271.99379157559,1147.96767043191,1147.96767043191,1147.96767043191
1272.0074046828,1147.96767044455,1147.96767044455,1147.96767044455
1272.02095980566,1147.96767045703,1147.96767045703,1147.96767045703
1272.03456571872,1147.96767046936,1147.96767046936,1147.96767046936
1272.04811273591,1147.96767048153,1147.96767048153,1147.96767048153
1272.06171138995,1147.96767049354,1147.96767049354,1147.96767049354
1272.0752502297,1147.96767050541,1147.96767050541,1147.96767050541
1272.08884156206,1147.96767051712,1147.96767051712,1147.96767051712
1272.10237215475,1147.96767052869,1147.96767052869,1147.96767052869
1272.11595610483,1147.96767054011,1147.96767054011,1147.96767054011
1272.12947838283,1147.96767055138,1147.96767055138,1147.96767055138
1272.14305489202,1147.96767056252,1147.96767056252,1147.96767056252
1272.15656878961,1147.96767057351,1147.96767057351,1147.96767057351
1272.17013780117,1147.96767058437,1147.96767058437,1147.96767058437
1272.18364325439,1147.96767059509,1147.96767059509,1147.96767059509
1272.19720471333,1147.96767060568,1147.96767060568,1147.96767060568
1272.21070165997,1147.96767061613,1147.96767061613,1147.96767061613
1272.22425551297,1147.96767062645,1147.96767062645,1147.96767062645
1272.23774389237,1147.96767063664,1147.96767063664,1147.96767063664
1272.2512900877,1147.9676706467,1147.9676706467,1147.9676706467
1272.26476984074,1147.96767065663,1147.96767065663,1147.96767065663
1272.27830832816,1147.96767066644,1147.96767066644,1147.96767066644
1272.29177939714,1147.96767067613,1147.96767067613,1147.96767067613
1272.30531012782,1147.96767068569,1147.96767068569,1147.96767068569
1272.31877245642,1147.96767069514,1147.96767069514,1147.96767069514
1272.33229538287,1147.96767070446,1147.96767070446,1147.96767070446
1272.34574891602,1147.96767071367,1147.96767071367,1147.96767071367
1272.35926399202,1147.96767072276,1147.96767072276,1147.96767072276
1272.37270867587,1147.96767073174,1147.96767073174,1147.96767073174
1272.38621585639,1147.9676707406,1147.9676707406,1147.9676707406
1272.39965163825,1147.96767074935,1147.96767074935,1147.96767074935
1272.41315087939,1147.967670758,1147.967670758,1147.967670758
1272.42657770764,1147.96767076653,1147.96767076653,1147.96767076653
1272.44006896658,1147.96767077495,1147.96767077495,1147.96767077495
1272.45348679061,1147.96767078327,1147.96767078327,1147.96767078327
1272.46697002555,1147.96767079149,1147.96767079149,1147.96767079149
1272.48037879573,1147.9676707996,1147.9676707996,1147.9676707996
1272.49385396582,1147.96767080761,1147.96767080761,1147.96767080761
1272.50725363343,1147.96767081552,1147.96767081552,1147.96767081552
1272.52072069873,1147.96767082333,1147.96767082333,1147.96767082333
1272.53411121591,1147.96767083104,1147.96767083104,1147.96767083104
1272.54757013734,1147.96767083865,1147.96767083865,1147.96767083865
1272.56095145704,1147.96767084617,1147.96767084617,1147.96767084617
1272.57440219634,1147.96767085359,1147.96767085359,1147.96767085359
1272.5877742723,1147.96767086092,1147.96767086092,1147.96767086092
1272.60121679196,1147.96767086816,1147.96767086816,1147.96767086816
1272.61457957862,1147.9676708753,1147.9676708753,1147.9676708753
1272.62801384187,1147.96767088236,1147.96767088236,1147.96767088236
1272.64136729437,1147.96767088932,1147.96767088932,1147.96767088932
1272.65479326514,1147.9676708962,1147.9676708962,1147.9676708962
1272.66813733926,1147.967670903,1147.967670903,1147.967670903
1272.6815549821,1147.9676709097,1147.9676709097,1147.9676709097
1272.69488963426,1147.96767091633,1147.96767091633,1147.96767091633
1272.70829891435,1147.96767092286,1147.96767092287,1147.96767092287
1272.72162410151,1147.96767092932,1147.96767092932,1147.96767092932
1272.73502498462,1147.9676709357,1147.9676709357,1147.9676709357
1272.7483406643,1147.96767094199,1147.96767094199,1147.96767094199
1272.76173311674,1147.96767094821,1147.96767094821,1147.96767094821
1272.77503924697,1147.96767095435,1147.96767095435,1147.96767095435
1272.78842323557,1147.96767096041,1147.96767096041,1147.96767096041
1272.80171977487,1147.96767096639,1147.96767096639,1147.96767096639
1272.81509526696,1147.9676709723,1147.9676709723,1147.9676709723
1272.82838217429,1147.96767097813,1147.96767097813,1147.96767097813
1272.84174913764,1147.96767098389,1147.96767098389,1147.96767098389
1272.85502637242,1147.96767098958,1147.96767098958,1147.96767098958
1272.86838477526,1147.9676709952,1147.9676709952,1147.9676709952
1272.88165229729,1147.96767100074,1147.96767100074,1147.96767100074
1272.89500210825,1147.96767100622,1147.96767100622,1147.96767100622
1272.90825987772,1147.96767101163,1147.96767101163,1147.96767101163
1272.92160106582,1147.96767101697,1147.96767101697,1147.96767101697
1272.93484904327,1147.96767102224,1147.96767102224,1147.96767102224
1272.94818157791,1147.96767102744,1147.96767102744,1147.96767102744
1272.96141972423,1147.96767103258,1147.96767103258,1147.96767103258
1272.97474357515,1147.96767103766,1147.96767103766,1147.96767103766
1272.98797185153,1147.96767104267,1147.96767104267,1147.96767104267
1273.00128698879,1147.96767104762,1147.96767104762,1147.96767104762
1273.01450535674,1147.9676710525,1147.9676710525,1147.9676710525
1273.02781175071,1147.96767105733,1147.96767105733,1147.96767105733
1273.04102017199,1147.96767106209,1147.96767106209,1147.96767106209
1273.05431779335,1147.96767106679,1147.96767106679,1147.96767106679
1273.06751623,1147.96767107144,1147.96767107144,1147.96767107144
1273.08080504968,1147.96767107602,1147.96767107602,1147.96767107602
1273.09399346398,1147.96767108055,1147.96767108055,1147.96767108055
1273.10727345316,1147.96767108502,1147.96767108502,1147.96767108502
1273.12045180763,1147.96767108944,1147.96767108944,1147.96767108944
1273.13372293776,1147.9676710938,1147.9676710938,1147.9676710938
1273.14689119511,1147.9676710981,1147.9676710981,1147.9676710981
1273.16015343784,1147.96767110235,1147.96767110235,1147.96767110235
1273.173311561,1147.96767110655,1147.96767110655,1147.96767110655
1273.18656488822,1147.96767111069,1147.96767111069,1147.96767111069
1273.19971284029,1147.96767111478,1147.96767111478,1147.96767111478
1273.21295722406,1147.96767111882,1147.96767111882,1147.96767111882
1273.22609496834,1147.96767112281,1147.96767112281,1147.96767112281
1273.23933038092,1147.96767112675,1147.96767112675,1147.96767112675
1273.25245788083,1147.96767113064,1147.96767113064,1147.96767113064
1273.26568429466,1147.96767113448,1147.96767113448,1147.96767113448
1273.27880151381,1147.96767113827,1147.96767113827,1147.96767113827
1273.29201890149,1147.96767114201,1147.96767114201,1147.96767114201
1273.3051258036,1147.96767114571,1147.96767114571,1147.96767114571
1273.31833413787,1147.96767114936,1147.96767114936,1147.96767114936
1273.33143068681,1147.96767115297,1147.96767115297,1147.96767115297
1273.34462994056,1147.96767115652,1147.96767115652,1147.96767115652
1273.3577161003,1147.96767116004,1147.96767116004,1147.96767116004
1273.37090624656,1147.96767116351,1147.96767116351,1147.96767116351
1273.38398198117,1147.96767116693,1147.96767116693,1147.96767116693
1273.39716299309,1147.96767117032,1147.96767117032,1147.96767117032
1273.41022826676,1147.96767117366,1147.96767117366,1147.96767117366
1273.42340011759,1147.96767117696,1147.96767117696,1147.96767117696
1273.43645489459,1147.96767118021,1147.96767118021,1147.96767118021
1273.44961755769,1147.96767118343,1147.96767118343,1147.96767118343
1273.46266180238,1147.9676711866,1147.9676711866,1147.9676711866
1273.47581525121,1147.96767118974,1147.96767118974,1147.96767118974
1273.488848928,1147.96767119283,1147.96767119283,1147.96767119283
1273.50199313611,1147.96767119589,1147.96767119589,1147.96767119589
1273.5150162095,1147.96767119891,1147.96767119891,1147.96767119891
1273.52815115052,1147.96767120189,1147.96767120189,1147.96767120189
1273.54116358506,1147.96767120483,1147.96767120483,1147.96767120483
1273.55428923268,1147.96767120774,1147.96767120774,1147.96767120774
1273.56729099296,1147.96767121061,1147.96767121061,1147.96767121061
1273.58040732096,1147.96767121344,1147.96767121344,1147.96767121344
1273.59339837163,1147.96767121624,1147.96767121624,1147.96767121624
1273.60650535384,1147.967671219,1147.967671219,1147.967671219
1273.61948565958,1147.96767122173,1147.96767122173,1147.96767122173
1273.63258326987,1147.96767122442,1147.96767122442,1147.96767122442
1273.6455527954,1147.96767122708,1147.96767122708,1147.96767122708
1273.65864100771,1147.9676712297,1147.96767122971,1147.96767122971
1273.67159971777,1147.9676712323,1147.9676712323,1147.9676712323
1273.68467850606,1147.96767123486,1147.96767123486,1147.96767123486
1273.6976263654,1147.96767123738,1147.96767123738,1147.96767123738
1273.71069570368,1147.96767123988,1147.96767123988,1147.96767123988
1273.7236326771,1147.96767124234,1147.96767124234,1147.96767124234
1273.73669253941,1147.96767124478,1147.96767124478,1147.96767124478
1273.74961859168,1147.96767124718,1147.96767124718,1147.96767124718
1273.76266895208,1147.96767124955,1147.96767124955,1147.96767124955
1273.77558404799,1147.9676712519,1147.9676712519,1147.9676712519
1273.78862488057,1147.96767125421,1147.96767125421,1147.96767125421
1273.80152898493,1147.96767125649,1147.96767125649,1147.96767125649
1273.81456026378,1147.96767125875,1147.96767125875,1147.96767125875
1273.82745334136,1147.96767126097,1147.96767126097,1147.96767126097
1273.84047504061,1147.96767126317,1147.96767126317,1147.96767126317
1273.8533570562,1147.96767126534,1147.96767126534,1147.96767126534
1273.86636914995,1147.96767126749,1147.96767126749,1147.96767126749
1273.87924006832,1147.9676712696,1147.9676712696,1147.9676712696
1273.89224253069,1147.96767127169,1147.96767127169,1147.96767127169
1273.90510231659,1147.96767127376,1147.96767127376,1147.96767127376
1273.91809512171,1147.9676712758,1147.9676712758,1147.9676712758
1273.93094373987,1147.96767127781,1147.96767127781,1147.96767127781
1273.94392686185,1147.96767127979,1147.96767127979,1147.96767127979
1273.95676427698,1147.96767128176,1147.96767128176,1147.96767128176
1273.96973768992,1147.96767128369,1147.96767128369,1147.96767128369
1273.9825638667,1147.96767128561,1147.96767128561,1147.96767128561
1273.9955275447,1147.96767128749,1147.96767128749,1147.96767128749
1274.00834244778,1147.96767128936,1147.96767128936,1147.96767128936
1274.02129636491,1147.9676712912,1147.9676712912,1147.9676712912
1274.0340999589,1147.96767129302,1147.96767129302,1147.96767129302
1274.04704408923,1147.96767129481,1147.96767129481,1147.96767129481
1274.0598363387,1147.96767129659,1147.96767129659,1147.96767129659
1274.07277065625,1147.96767129834,1147.96767129834,1147.96767129834
1274.08555152574,1147.96767130006,1147.96767130006,1147.96767130006
1274.09847600453,1147.96767130177,1147.96767130177,1147.96767130177
1274.11124545854,1147.96767130345,1147.96767130345,1147.96767130345
1274.12416007254,1147.96767130512,1147.96767130512,1147.96767130512
1274.1369180755,1147.96767130676,1147.96767130676,1147.96767130676
1274.14982279867,1147.96767130838,1147.96767130838,1147.96767130838
1274.16256931499,1147.96767130998,1147.96767130998,1147.96767130998
1274.17546412123,1147.96767131157,1147.96767131157,1147.96767131157
1274.18819911524,1147.96767131313,1147.96767131313,1147.96767131313
1274.20108397843,1147.96767131467,1147.96767131467,1147.96767131467
1274.21380741443,1147.96767131619,1147.96767131619,1147.96767131619
1274.2266823084,1147.9676713177,1147.9676713177,1147.9676713177
1274.23939415062,1147.96767131918,1147.96767131918,1147.96767131918
1274.25225904916,1147.96767132065,1147.96767132064,1147.96767132064
1274.26495926177,1147.96767132209,1147.96767132209,1147.96767132209
1274.27781413863,1147.96767132352,1147.96767132352,1147.96767132352
1274.29050268574,1147.96767132493,1147.96767132493,1147.96767132493
1274.30334751461,1147.96767132633,1147.96767132633,1147.96767132633
1274.31602436027,1147.9676713277,1147.9676713277,1147.9676713277
1274.32885911481,1147.96767132906,1147.96767132906,1147.96767132906
1274.34152422299,1147.9676713304,1147.9676713304,1147.9676713304
1274.35434887678,1147.96767133172,1147.96767133172,1147.96767133172
1274.3670022114,1147.96767133303,1147.96767133303,1147.96767133303
1274.37981673799,1147.96767133432,1147.96767133432,1147.96767133432
1274.39245826289,1147.9676713356,1147.9676713356,1147.9676713356
1274.40526263575,1147.96767133686,1147.96767133686,1147.96767133686
1274.41789231469,1147.9676713381,1147.9676713381,1147.9676713381
1274.43068650726,1147.96767133933,1147.96767133933,1147.96767133933
1274.44330430393,1147.96767134054,1147.96767134054,1147.96767134054
1274.45608828955,1147.96767134174,1147.96767134174,1147.96767134174
1274.46869416758,1147.96767134292,1147.96767134292,1147.96767134292
1274.48146791956,1147.96767134408,1147.96767134408,1147.96767134408
1274.49406184248,1147.96767134524,1147.96767134524,1147.96767134524
1274.50682533404,1147.96767134637,1147.96767134637,1147.96767134637
1274.51940726531,1147.9676713475,1147.9676713475,1147.9676713475
1274.53216046962,1147.96767134861,1147.96767134861,1147.96767134861
1274.54473037261,1147.9676713497,1147.9676713497,1147.9676713497
1274.55747326276,1147.96767135078,1147.96767135078,1147.96767135078
1274.57003110077,1147.96767135185,1147.96767135185,1147.96767135185
1274.58276364978,1147.9676713529,1147.9676713529,1147.9676713529
1274.59530938601,1147.96767135394,1147.96767135395,1147.96767135395
1274.60803156683,1147.96767135497,1147.96767135497,1147.96767135497
1274.6205651644,1147.96767135599,1147.96767135599,1147.96767135599
1274.6332769499,1147.96767135699,1147.96767135699,1147.96767135699
1274.64579837184,1147.96767135798,1147.96767135798,1147.96767135798
1274.65849973482,1147.96767135896,1147.96767135896,1147.96767135896
1274.67100894408,1147.96767135992,1147.96767135992,1147.96767135992
1274.68369985725,1147.96767136087,1147.96767136087,1147.96767136087
1274.69619681667,1147.96767136181,1147.96767136181,1147.96767136181
1274.70887725267,1147.96767136274,1147.96767136274,1147.96767136274
1274.721361925,1147.96767136366,1147.96767136366,1147.96767136366
1274.73403185639,1147.96767136456,1147.96767136457,1147.96767136457
1274.7465042043,1147.96767136546,1147.96767136546,1147.96767136546
1274.75916360355,1147.96767136634,1147.96767136634,1147.96767136634
1274.7716235896,1147.96767136721,1147.96767136721,1147.96767136721
1274.78427242908,1147.96767136807,1147.96767136807,1147.96767136807
1274.79672001574,1147.96767136892,1147.96767136892,1147.96767136892
1274.80935826776,1147.96767136976,1147.96767136976,1147.96767136976
1274.82179341739,1147.96767137059,1147.96767137059,1147.96767137059
1274.83442105415,1147.96767137141,1147.96767137141,1147.96767137141
1274.84684372904,1147.96767137222,1147.96767137222,1147.96767137222
1274.85946072266,1147.96767137302,1147.96767137302,1147.96767137302
1274.87187088496,1147.9676713738,1147.9676713738,1147.9676713738
1274.88447720747,1147.96767137458,1147.96767137458,1147.96767137458
1274.89687481924,1147.96767137535,1147.96767137535,1147.96767137535
1274.90947044258,1147.96767137611,1147.96767137611,1147.96767137611
1274.92185546579,1147.96767137686,1147.96767137686,1147.96767137686
1274.93444036178,1147.9676713776,1147.9676713776,1147.9676713776
1274.94681275828,1147.96767137832,1147.96767137832,1147.96767137832
1274.95938689868,1147.96767137905,1147.96767137905,1147.96767137905
1274.97174663022,1147.96767137976,1147.96767137976,1147.96767137976
1274.98430998666,1147.96767138046,1147.96767138046,1147.96767138046
1274.99665701488,1147.96767138115,1147.96767138115,1147.96767138115
1275.00920955891,1147.96767138184,1147.96767138184,1147.96767138184
1275.02154384534,1147.96767138252,1147.96767138252,1147.96767138252
1275.0340855484,1147.96767138318,1147.96767138318,1147.96767138318
1275.04640705447,1147.96767138384,1147.96767138384,1147.96767138384
1275.0589378879,1147.96767138449,1147.96767138449,1147.96767138449
1275.07124657491,1147.96767138514,1147.96767138514,1147.96767138514
1275.08376650996,1147.96767138577,1147.96767138577,1147.96767138577
1275.09606233911,1147.9676713864,1147.9676713864,1147.9676713864
1275.10857134691,1147.96767138702,1147.96767138702,1147.96767138702
1275.12085427928,1147.96767138763,1147.96767138763,1147.96767138763
1275.13335233085,1147.96767138823,1147.96767138823,1147.96767138823
1275.14562232742,1147.96767138883,1147.96767138883,1147.96767138883
1275.15810939368,1147.96767138942,1147.96767138942,1147.96767138942
1275.1703664153,1147.96767139,1147.96767139,1147.96767139
1275.18284246707,1147.96767139057,1147.96767139057,1147.96767139057
1275.19508647448,1147.96767139114,1147.96767139114,1147.96767139114
1275.20755148244,1147.9676713917,1147.9676713917,1147.9676713917
1275.21978243626,1147.96767139225,1147.96767139225,1147.96767139225
1275.23223637101,1147.9676713928,1147.9676713928,1147.9676713928
1275.24445423174,1147.96767139333,1147.96767139333,1147.96767139333
1275.25689706376,1147.96767139387,1147.96767139387,1147.96767139387
1275.26910179178,1147.96767139439,1147.96767139439,1147.96767139439
1275.28153349142,1147.96767139491,1147.96767139491,1147.96767139491
1275.29372504699,1147.96767139542,1147.96767139542,1147.96767139542
1275.3061455845,1147.96767139593,1147.96767139593,1147.96767139593
1275.31832392776,1147.96767139643,1147.96767139643,1147.96767139643
1275.33073327328,1147.96767139692,1147.96767139692,1147.96767139692
1275.34289836424,1147.96767139741,1147.96767139741,1147.96767139741
1275.35529648776,1147.96767139789,1147.96767139789,1147.96767139789
1275.36744828633,1147.96767139836,1147.96767139836,1147.96767139836
1275.37983515775,1147.96767139883,1147.96767139883,1147.96767139883
1275.39197362368,1147.96767139929,1147.96767139929,1147.96767139929
1275.40434921276,1147.96767139975,1147.96767139975,1147.96767139975
1275.4164743057,1147.9676714002,1147.9676714002,1147.9676714002
1275.4288385821,1147.96767140064,1147.96767140064,1147.96767140064
1275.44095026156,1147.96767140108,1147.96767140108,1147.96767140108
1275.45330319479,1147.96767140152,1147.96767140152,1147.96767140152
1275.46540142017,1147.96767140195,1147.96767140195,1147.96767140195
1275.47774297964,1147.96767140237,1147.96767140237,1147.96767140237
1275.48982771018,1147.96767140279,1147.96767140279,1147.96767140279
1275.50427375582,1147.96767140324,1147.96767140324,1147.96767140324
