T_W1,T_W2,T_W3,T_W4
1100,1100,1100,1100
1101.5741507285,1101.57415072854,1101.57415072852,1101.57415072852
1101.43186760703,1101.4318676071,1101.43186760724,1101.43186760724
1117.10876023851,1117.10876023493,1117.1087602381,1117.1087602381
1123.44042213141,1123.44042213066,1123.44042213097,1123.44042213097
1129.92973679197,1129.92973679125,1129.92973679168,1129.92973679168
1134.14170421588,1134.14170421537,1134.14170421567,1134.14170421567
1137.5332945954,1137.53329459415,1137.53329459514,1137.53329459514
1139.90342302153,1139.90342302053,1139.9034230221,1139.9034230221
1141.79519233883,1141.79519233886,1141.79519233921,1141.79519233921
1143.04432343072,1143.04432343127,1143.04432343111,1143.04432343111
1144.12169092794,1144.12169092749,1144.12169092825,1144.12169092825
1144.81320583553,1144.81320583574,1144.8132058358,1144.8132058358
1145.39021208007,1145.39021208039,1145.39021208034,1145.39021208034
1145.81195701873,1145.81195701892,1145.81195701885,1145.81195701885
1146.13553986919,1146.13553986939,1146.13553986925,1146.13553986925
1146.38473256631,1146.38473256647,1146.38473256645,1146.38473256645
1146.58134987477,1146.58134987486,1146.58134987485,1146.58134987485
1146.75703485073,1146.75703485079,1146.75703485078,1146.92856057172
1146.86640494064,1146.86640494078,1146.86640494077,1147.34015839445
1146.96426093585,1146.96426093594,1146.96426093592,1147.79490281892
1147.0405124174,1147.04051241748,1147.04051241746,1148.28303161504
1147.10478000653,1147.1047800066,1147.10478000656,1148.79230624324
1147.15757145255,1147.15757145261,1147.15757145258,1149.31339184092
1147.20253606521,1147.20253606526,1147.20253606523,1149.84225183379
1147.24093879092,1147.24093879096,1147.24093879093,1150.3733915241
1147.27447794736,1147.27447794739,1147.27447794737,1150.90534922979
1147.3040401203,1147.30404012033,1147.30404012031,1151.4349512726
1147.33054205581,1147.33054205584,1147.33054205582,1151.96195490301
1147.35449721785,1147.35449721787,1147.35449721785,1152.48398847552
1147.37644425009,1147.37644425011,1147.37644425009,1153.00173254118
1147.39676321205,1147.39676321207,1147.39676321205,1153.5151852977
1147.41564374781,1147.41564374783,1147.41564374782,1154.02252139351
1147.43342535841,1147.43342535842,1147.4334253584,1154.52625761155
1147.45023625559,1147.45023625561,1147.45023625559,1155.02588810705
1147.46652274678,1147.46652274679,1147.46652274678,1155.53196357458
1147.48128954496,1147.48128954497,1147.48128954495,1156.00888292588
1147.49558813956,1147.49558813957,1147.49558813956,1156.48967493048
1147.50927561786,1147.50927561787,1147.50927561786,1156.96277567977
1147.52377129755,1147.52377129756,1147.69466541049,1157.4844770668
1147.53590220902,1147.53590220903,1148.00988071941,1157.93142595312
1147.54790464409,1147.54790464409,1148.37523472819,1158.3891585937
1147.55942569008,1147.55942569009,1148.79477174571,1158.84029535302
1147.57071201396,1147.57071201397,1149.24844416534,1159.29492045006
1147.58156232206,1147.58156232206,1149.72432343841,1159.74379325707
1147.59211795456,1147.59211795456,1150.21661179484,1160.19212710996
1147.60241103426,1147.60241103426,1150.72141835672,1160.63825507135
1147.6126876745,1147.61268767451,1151.24821073202,1161.09947539393
1147.62216177562,1147.62216177562,1151.75142870214,1161.53243096524
1147.63150817799,1147.631508178,1152.26380616855,1161.97180686024
1147.64050708499,1147.64050708499,1152.77116079927,1162.40439127299
1147.6491831496,1147.6491831496,1153.2740917996,1162.83420620287
1147.65764753649,1147.6576475365,1153.77477162988,1163.25938621222
1147.66574561741,1147.66574561742,1154.26738848499,1163.68130590967
1147.67364901733,1147.67364901733,1154.75737502056,1164.09997283658
1147.68104375101,1147.68104375101,1155.2245627843,1164.49986309085
1147.68852327717,1147.68852327717,1155.7073006194,1164.91463387695
1147.69595717445,1147.69595717445,1156.19679143649,1165.33607244308
1147.70298812618,1147.70298812618,1156.66689550835,1165.74110480156
1147.70981875394,1147.70981875394,1157.13165962688,1166.14253621134
1147.71656754536,1147.71656754536,1157.59936957327,1166.54755891201
1147.72279352048,1147.72279352048,1158.03733907143,1166.92797187527
1147.7291382947,1147.7291382947,1158.49181546882,1167.3229549076
1147.73534040469,1147.73534040469,1158.94359973643,1167.71625736179
1147.74128137774,1147.74128137774,1159.38308235714,1168.09951110618
1147.7470833249,1147.7470833249,1159.81940294616,1168.48060193968
1147.75246657804,1147.75246657804,1160.23026123646,1168.84028199401
1147.75792761169,1147.75792761169,1160.65457178408,1169.21209054346
1147.76319622331,1147.76319622331,1161.07051392866,1169.57708786123
1147.768458897,1147.76845889701,1161.49280547145,1169.94796558617
1147.77342468712,1147.77342468712,1161.89728198343,1170.30364492568
1147.77803167041,1147.77803167041,1162.27793076571,1170.6391538854
1147.78298150784,1147.78298150785,1162.69473111326,1171.00624416675
1147.78752705683,1147.78752705684,1163.08296202639,1171.3487223305
1147.79200840307,1147.79200840307,1163.4719319045,1171.69215896998
1147.79622975133,1147.79622975133,1163.84355141114,1172.02069280818
1147.800594005,1147.80059400501,1164.2347142777,1172.36646258082
1147.80463283446,1147.80463283447,1164.60168682412,1172.6912497315
1147.80869353329,1147.8086935333,1164.97681369295,1173.02334484089
1147.81255993575,1147.81255993576,1165.3392888817,1173.34449255455
1147.81637098461,1147.81637098462,1165.70227616595,1173.66623016106
1147.82004748343,1147.82004748343,1166.05777465158,1173.98151063109
1147.82364253252,1147.82364253253,1166.41082176944,1174.29474821797
1147.82712894061,1147.82712894061,1166.75842813205,1174.60329577969
1147.83052793162,1147.83052793163,1167.10253065822,1174.90884414534
1147.83383118438,1147.83383118438,1167.44202251347,1175.21040331096
1147.83704817412,1147.83704817413,1167.77767042465,1175.50863544518
1147.8401773611,1147.84017736111,1168.10907394696,1175.80317416788
1147.84322379833,1147.84322379834,1168.43655353369,1176.09428975289
1147.84618834847,1147.84618834848,1168.75997545894,1176.38185235759
1147.84907432445,1147.84907432446,1169.07948681825,1176.665980653
1147.85188339648,1147.85188339648,1169.39505497172,1176.94663523489
1147.85461813475,1147.85461813476,1169.70675788912,1177.22387493698
1147.85728043317,1147.85728043317,1170.01460097992,1177.49769504876
1147.8598724988,1147.85987249881,1170.3186335451,1177.76813012376
1147.86239623611,1147.86239623612,1170.61887483059,1178.03518863805
1147.86485363882,1147.86485363883,1170.91536147814,1178.29889486907
1147.86724654614,1147.86724654615,1171.20811721697,1178.55926209856
1147.86957680118,1147.86957680118,1171.49717252215,1178.81630994775
1147.87184615337,1147.87184615338,1171.78255200244,1179.07005321518
1147.87402523843,1147.87402523843,1172.06020392161,1179.31694043096
1147.87617038583,1147.87617038584,1172.33739644496,1179.5633450362
1147.87825126113,1147.87825126113,1172.60982634813,1179.80547689625
1147.88028453893,1147.88028453894,1172.87959096225,1180.04517101034
1147.88226382957,1147.88226382958,1173.14560466039,1180.28146404095
1147.88421054434,1147.88421054435,1173.41104081077,1180.51712860698
1147.88616362311,1147.88616362312,1173.68053264749,1180.75624491264
1147.88802189666,1147.88802189666,1173.94002376681,1180.98641410648
1147.88980590672,1147.88980590673,1174.19286148422,1181.21070579218
1147.89148363801,1147.89148363801,1174.43441605868,1181.42521710019
1147.89319254451,1147.89319254451,1174.68521359897,1181.64781972334
1147.89486106055,1147.89486106056,1174.93194027629,1181.86700445413
1147.89646330655,1147.89646330655,1175.17819183237,1182.08573218537
1147.89807108198,1147.89807108198,1175.42715925054,1182.30695418197
1147.89960549069,1147.89960549069,1175.66944614405,1182.52237578573
1147.90111612325,1147.90111612325,1175.91254777978,1182.73857408086
1147.90257180988,1147.90257180988,1176.15122320194,1182.9509669888
1147.90400390535,1147.90400390535,1176.3908153344,1183.16422325444
1147.90539155025,1147.90539155025,1176.62736458056,1183.37488504464
1147.90674554863,1147.90674554863,1176.86277349659,1183.58460970777
1147.90806489605,1147.90806489605,1177.09668410229,1183.79308049356
1147.90935013951,1147.90935013951,1177.3290232681,1184.00023420669
1147.91060417007,1147.91060417007,1177.56021005816,1184.20643148146
1147.9118253364,1147.9118253364,1177.78973423218,1184.41122515678
1147.91301779859,1147.91301779859,1178.01830439188,1184.61522975959
1147.91417856887,1147.91417856887,1178.2451092132,1184.81773512242
1147.91531304011,1147.91531304011,1178.47117164307,1185.01963037137
1147.91641662444,1147.91641662444,1178.69529056269,1185.21986574809
1147.91749643072,1147.91749643072,1178.91894474781,1185.41972794105
1147.91854789701,1147.91854789701,1179.14090573972,1185.61814055539
1147.91957154438,1147.91957154438,1179.36107917337,1185.81502949691
1147.9205746985,1147.9205746985,1179.58121607756,1186.01190592997
1147.92155014595,1147.92155014595,1179.79920708395,1186.2069412044
1147.92250484369,1147.92250484369,1180.01680131273,1186.40164778635
1147.92343506493,1147.92343506493,1180.23280501402,1186.59498676562
1147.92434276673,1147.92434276673,1180.44756911979,1186.78726744001
1147.9252291004,1147.9252291004,1180.66133387679,1186.97868871296
1147.92609216773,1147.92609216773,1180.87347101273,1187.16869725845
1147.92692268563,1147.92692268563,1181.08107646454,1187.35477601242
1147.92771773591,1147.92771773591,1181.28365048526,1187.53647444823
1147.92854208181,1147.92854208182,1181.4964764395,1187.72717802611
1147.92929665068,1147.92929665068,1181.6983878195,1187.90832173137
1147.93008649289,1147.9300864929,1181.90943912172,1188.09750868321
1147.93080284495,1147.93080284495,1182.10853479806,1188.27620778105
1147.93156219451,1147.93156219452,1182.31929502203,1188.46515071998
1147.93225741949,1147.9322574195,1182.51971250894,1188.64500820243
1147.93293317536,1147.93293317536,1182.71564639058,1188.82096615441
1147.93366128854,1147.93366128854,1182.93095376946,1189.01394059445
1147.93432216145,1147.93432216145,1183.13061807458,1189.19313075303
1147.93498275939,1147.93498275939,1183.33293735214,1189.37466652484
1147.93561438097,1147.93561438091,1183.53014486328,1189.55167184925
1147.93623770436,1147.93623770425,1183.72816673765,1189.72943664992
1147.93682677473,1147.93682677463,1183.91877394377,1189.90063351642
1147.93740832513,1147.93740832502,1184.1106959398,1190.07308444728
1147.93800142579,1147.93800142567,1184.309721423,1190.25181576381
1147.9385684259,1147.93856842574,1184.50325273516,1190.42568121271
1147.93911641957,1147.93911641945,1184.6936349399,1190.59673011808
1147.93966957591,1147.93966957576,1184.8892813871,1190.77249749439
1147.9402006675,1147.94020066734,1185.08018725586,1190.94402649318
1147.94070491914,1147.94070491898,1185.26492896485,1191.11010752455
1147.94121835954,1147.94121835938,1185.45624571613,1191.28203507102
1147.94170963466,1147.94170963449,1185.64247056311,1191.44946259974
1147.94219992342,1147.94219992331,1185.83128255585,1191.61914145974
1147.94266273497,1147.94266273483,1186.01337993126,1191.78290907413
1147.94313018776,1147.94313018763,1186.19999947675,1191.95068189959
1147.94357501782,1147.94357501764,1186.38113095917,1192.11361671077
1147.94402816807,1147.9440281679,1186.56773011337,1192.28135933797
1147.9444472454,1147.94444724525,1186.74417418473,1192.44010221821
1147.94487953595,1147.9448795358,1186.92893752469,1192.6062385677
1147.9452899132,1147.94528991304,1187.1072877277,1192.76669157079
1147.9457015101,1147.94570151,1187.28884848032,1192.92994144765
1147.94609346007,1147.94609345994,1187.46556038659,1193.08892058456
1147.94647794562,1147.94647794546,1187.64169603442,1193.2474038488
1147.94686042503,1147.94686042488,1187.81873935289,1193.4066712774
1147.94723066782,1147.94723066773,1187.99314315223,1193.56357769081
1147.94759014616,1147.94759014606,1188.16688743637,1193.71989848243
1147.9479494083,1147.94794940818,1188.34206757726,1193.87752441269
1147.94829980815,1147.94829980809,1188.51543328184,1194.03347820465
1147.94862667439,1147.94862667429,1188.68139835156,1194.18290379915
1147.94897350136,1147.94897350127,1188.85901725671,1194.34265631699
1147.9492983502,1147.94929835009,1189.02807167237,1194.4948028427
1147.94961579589,1147.94961579581,1189.19621159365,1194.64608196662
1147.94993584293,1147.94993584284,1189.36835368808,1194.80096399474
1147.95024192305,1147.95024192295,1189.53534428246,1194.95123686454
1147.95053209816,1147.95053209808,1189.6967847662,1195.09654440162
1147.9508233242,1147.95082332414,1189.86147924468,1195.24477637567
1147.95110746752,1147.95110746747,1190.02478055086,1195.39176878496
1147.9513894,1147.95138939996,1190.18925290179,1195.53979251864
1147.95166180232,1147.95166180228,1190.35078289718,1195.6852181697
1147.95194479569,1147.95194479564,1190.52044640525,1195.83783426172
1147.95221041805,1147.95221041798,1190.68191861207,1195.98315658842
1147.95247052064,1147.95247052059,1190.842949143,1196.12801336925
1147.95273086221,1147.95273086213,1191.00608037371,1196.27479253936
1147.95296498715,1147.9529649871,1191.1560380619,1196.40983637336
1147.95322586582,1147.95322586575,1191.32464253759,1196.56142550838
1147.9534593678,1147.95345936771,1191.4787736671,1196.70016746885
1147.95369753787,1147.95369753778,1191.63720750936,1196.84270618828
1147.9539275183,1147.9539275182,1191.79292217121,1196.98281679715
1147.9541543833,1147.95415438319,1191.9486960059,1197.12296457191
1147.95437615871,1147.9543761586,1192.10337557332,1197.26212817113
1147.95459760953,1147.95459760942,1192.25911175941,1197.40220202353
1147.9548072526,1147.95480725253,1192.41029441029,1197.53816815919
1147.95502251487,1147.95502251481,1192.5674685588,1197.67948616366
1147.95522348917,1147.95522348908,1192.71679173842,1197.81384176923
1147.95542537575,1147.95542537566,1192.86781030964,1197.94967930299
1147.95562652301,1147.95562652296,1193.01997498681,1198.08647728987
1147.95581128464,1147.95581128459,1193.16369204648,1198.21579040451
1147.95601022977,1147.95601022974,1193.31950762349,1198.35580168
1147.9561915808,1147.95619158077,1193.46401251796,1198.48579705192
1147.95637924016,1147.95637924014,1193.6144933268,1198.62104592985
1147.95654560065,1147.95654560063,1193.75148048049,1198.74434762961
1147.95673286121,1147.95673286119,1193.90608707555,1198.88322801059
1147.95690012923,1147.95690012921,1194.0469415397,1199.00992445044
1147.95707711159,1147.95707711158,1194.19724195841,1199.14493200972
1147.95724198674,1147.95724198673,1194.33925556806,1199.27258385948
1147.95740368425,1147.95740368424,1194.48122759242,1199.4001486902
1147.95756880282,1147.95756880281,1194.62746686376,1199.53151480897
1147.95772539143,1147.95772539143,1194.76783192989,1199.65764726759
1147.95786978652,1147.95786978651,1194.9002725079,1199.77677162322
1147.95802967084,1147.95802967083,1195.04745843995,1199.90891175321
1147.95817501157,1147.95817501157,1195.1838223843,1200.03147271517
1147.95832540979,1147.95832540978,1195.32571796112,1200.15888712486
1147.95845876686,1147.95845876685,1195.4549418575,1200.27508326065
1147.95860789478,1147.95860789477,1195.59967953672,1200.40496092784
1147.9587434157,1147.95874341569,1195.73367532356,1200.52534163569
1147.95888504045,1147.95888504044,1195.87455462101,1200.65175296733
1147.95901769993,1147.95901769993,1196.00913216613,1200.77254871033
1147.95914791582,1147.95914791581,1196.14266241059,1200.8924419021
1147.95928092332,1147.95928092332,1196.28020290952,1201.01581233023
1147.95940840569,1147.95940840569,1196.4141145481,1201.13595443232
1147.95953358252,1147.95953358252,1196.54736061558,1201.25548207217
1147.95965301207,1147.95965301207,1196.67625659822,1201.37118318757
1147.95977680855,1147.95977680855,1196.81087295491,1201.49187755983
1147.95989498469,1147.95989498469,1196.94143678211,1201.60897086354
1147.96001092202,1147.96001092202,1197.0713000214,1201.72542044046
1147.96012110335,1147.96012110335,1197.19626956226,1201.8375877879
1147.96023394588,1147.96023394588,1197.32556869403,1201.95348331742
1147.96034165018,1147.96034165018,1197.45107788073,1202.06608400584
1147.96045160203,1147.96045160203,1197.58015269174,1202.18173614217
1147.96055603942,1147.96055603942,1197.70486014409,1202.29356997742
1147.96066352315,1147.96066352315,1197.8339776849,1202.40920387838
1147.96076249613,1147.96076249612,1197.95489306464,1202.51765943178
1147.96086322723,1147.96086322723,1198.07900598312,1202.62881661469
1147.9609651195,1147.96096511949,1198.20623080281,1202.7427178134
1147.9610615385,1147.9610615385,1198.32803289419,1202.85184674184
1147.96116121555,1147.96116121555,1198.45500959348,1202.96545278308
1147.96125377003,1147.96125377003,1198.57495434222,1203.07287058369
1147.9613504882,1147.9613504882,1198.70072168603,1203.18534947883
1147.96144248378,1147.96144248378,1198.82226817577,1203.29407829482
1147.96153317201,1147.961533172,1198.94346578675,1203.40247608575
1147.96161965225,1147.96161965225,1199.06050137501,1203.50722497372
1147.96170942656,1147.96170942656,1199.18273112592,1203.61647640643
1147.96179506461,1147.96179506461,1199.30109793002,1203.72230302359
1147.96187842692,1147.96187842692,1199.41789141642,1203.8267215491
1147.96195943266,1147.96195943265,1199.532548859,1203.92929765311
1147.96204204177,1147.96204204177,1199.65053000492,1204.03469386479
1147.96212034286,1147.96212034286,1199.76417765935,1204.13632495617
1147.96220099094,1147.96220099094,1199.88186765836,1204.24140766215
1147.96227449189,1147.96227449189,1199.99058123872,1204.33872672436
1147.96235282301,1147.96235282301,1200.10796862165,1204.44341090457
1147.962428921,1147.962428921,1200.22288159682,1204.54597631678
1147.96250222053,1147.96250222053,1200.33539739799,1204.64640547066
1147.96257672265,1147.96257672266,1200.44983069878,1204.74849548472
1147.96264718525,1147.96264718525,1200.56033699873,1204.84709293551
1147.96272039177,1147.96272039177,1200.67529698796,1204.94958327543
1147.96278874481,1147.9627887448,1200.78441066082,1205.04690379472
1147.96285705596,1147.96285705596,1200.89441331987,1205.14501507015
1147.96292639021,1147.96292639021,1201.00661450165,1205.24497535033
1147.96299318942,1147.96299318942,1201.11650210966,1205.34287233968
1147.96305879651,1147.96305879651,1201.22503208858,1205.43955328092
1147.96312081014,1147.96312081014,1201.32941055121,1205.53257510115
1147.96318490847,1147.96318490847,1201.43788808658,1205.62915740138
1147.9632454882,1147.9632454882,1201.54164980801,1205.72165019844
1147.96330751462,1147.96330751462,1201.64890068408,1205.81707348516
1147.96336835516,1147.96336835515,1201.75575493073,1205.91211446946
1147.9634239778,1147.9634239778,1201.85271659613,1205.99877922215
1147.96348187067,1147.96348187067,1201.95569833889,1206.09045281349
1147.9635379218,1147.9635379218,1202.05734902788,1206.18090167522
1147.96359403872,1147.96359403872,1202.15933853091,1206.27167327455
1147.96364923652,1147.96364923652,1202.26146936987,1206.36245428801
1147.96370391262,1147.96370391262,1202.36276270778,1206.45254276403
1147.96375783886,1147.96375783886,1202.46442241304,1206.54282804351
1147.9638110908,1147.9638110908,1202.56490670883,1206.63213165913
1147.96386361417,1147.96386361417,1202.66575311033,1206.72162608044
1147.96391542322,1147.96391542322,1202.76530347189,1206.81003792462
1147.96396650697,1147.96396650697,1202.86519500211,1206.89862165382
1147.9640168711,1147.9640168711,1202.96373748891,1206.98608006422
1147.96406651741,1147.96406651741,1203.06261174855,1207.07370162992
1147.96411545239,1147.96411545239,1203.16010985497,1207.16017708895
1147.96416368254,1147.96416368254,1203.25794015196,1207.24681529817
1147.96421121599,1147.96421121599,1203.35437869767,1207.33229617853
1147.96425806128,1147.96425806128,1203.45115546052,1207.4179440427
1147.96430422763,1147.96430422763,1203.54653044728,1207.50242788553
1147.96434972454,1147.96434972454,1203.64225246724,1207.58708518887
1147.96439456176,1147.96439456176,1203.73656552513,1207.67057403735
1147.96443874916,1147.96443874916,1203.83123565883,1207.75424376959
1147.96448229666,1147.96448229666,1203.9244911625,1207.83674180135
1147.9645252142,1147.9645252142,1204.01811420051,1207.91942843026
1147.96456751164,1147.96456751164,1204.11031781206,1208.00094079011
1147.96460919881,1147.96460919881,1204.20289942531,1208.08264942947
1147.96465028538,1147.96465028538,1204.29405737211,1208.1631816661
1147.96469078095,1147.96469078095,1204.38560359669,1208.24391768035
1147.96473069497,1147.96473069497,1204.47572231994,1208.32347548041
1147.96477003675,1147.96477003675,1204.56623930935,1208.40324430057
1147.96480881544,1147.96480881544,1204.65532529679,1208.48183336648
1147.96484704006,1147.96484704006,1204.74481920562,1208.56064040716
1147.96488471947,1147.96488471947,1204.83287891428,1208.63826640308
1147.96492186237,1147.96492186237,1204.92135584569,1208.71611702683
1147.9649584773,1147.9649584773,1205.00839566787,1208.79278555636
1147.96499457268,1147.96499457268,1205.09586165132,1208.86968505977
1147.96503015674,1147.96503015674,1205.18188790094,1208.94540165791
1147.96506523757,1147.96506523757,1205.26834888408,1209.02135526735
1147.96509982314,1147.96509982314,1205.35336779233,1209.09612539867
1147.96513392123,1147.96513392124,1205.43882963911,1209.1711382701
1147.96516753953,1147.96516753953,1205.52284735416,1209.24496732939
1147.96520068554,1147.96520068554,1205.60731584567,1209.31904454969
1147.96523336664,1147.96523336664,1205.690338434,1209.39193786353
1147.9652655901,1147.9652655901,1205.77381927033,1209.46508445236
1147.96529736303,1147.96529736303,1205.85585271864,1209.53704728088
1147.96532869242,1147.96532869242,1205.93835152101,1209.60926819257
1147.96535958513,1147.96535958513,1206.01940173821,1209.68030573113
1147.9653900479,1147.9653900479,1206.10092405109,1209.75160585645
1147.96542008736,1147.96542008736,1206.18099687029,1209.8217232373
1147.96544970998,1147.96544970998,1206.26154816344,1209.89210740513
1147.96547892217,1147.96547892217,1206.34064934374,1209.96130969882
1147.9655077302,1147.9655077302,1206.42023501411,1210.03078267766
1147.96553614021,1147.96553614021,1206.49837024229,1210.09907489439
1147.96556559784,1147.96556559784,1206.58279325722,1210.1723552224
1147.96559454573,1147.96559454573,1206.66417538119,1210.24318510269
1147.96562186243,1147.96562186243,1206.74202105168,1210.31095433712
1147.96565013365,1147.96565013365,1206.82204799542,1210.38059666236
1147.96567705025,1147.96567705025,1206.89922095664,1210.44773887877
1147.9657033973,1147.9657033973,1206.97503413624,1210.5137130182
1147.96572833996,1147.96572833996,1207.04836476223,1210.57748453196
1147.96575348092,1147.96575348092,1207.12144791038,1210.64110793475
1147.96577877955,1147.96577877955,1207.19658231486,1210.70636120884
1147.96580401477,1147.96580401477,1207.27143572992,1210.77139634563
1147.96582758725,1147.96582758724,1207.34298989934,1210.83351543347
1147.9658513883,1147.9658513883,1207.41454492113,1210.89568161556
1147.96587541073,1147.96587541073,1207.48827820822,1210.95956576173
1147.96589934108,1147.96589934108,1207.56149965429,1211.02303827968
1147.96592169023,1147.96592169023,1207.63143825735,1211.08361072371
1147.96594424843,1147.96594424843,1207.70128193995,1211.14414801498
1147.96596701645,1147.96596701645,1207.77325165809,1211.20635122154
1147.96598969985,1147.96598969985,1207.84467987487,1211.26811924729
1147.96601089614,1147.96601089614,1207.91292423836,1211.32707750921
1147.966032347,1147.96603234699,1207.98123322053,1211.38613313761
1147.9660538824,1147.9660538824,1208.05123923106,1211.44648952495
1147.9660753746,1147.9660753746,1208.12081439235,1211.50650264889
1147.96609549172,1147.96609549172,1208.18737928651,1211.56386034208
1147.96611598428,1147.96611598428,1208.25446997358,1211.62169838365
1147.96613631079,1147.96613631079,1208.32233412538,1211.68006347754
1147.96615617431,1147.96615617431,1208.38861597159,1211.73715036362
1147.96617651476,1147.96617651476,1208.45697838176,1211.79585587562
1147.96619577739,1147.96619577739,1208.52206306779,1211.85174015372
1147.96621448817,1147.96621448817,1208.58654851837,1211.90707855974
1147.96623401133,1147.96623401133,1208.65357697089,1211.96452611557
1147.96625216526,1147.96625216526,1208.7166856824,1212.01861581795
1147.96627097858,1147.96627097858,1208.78144934866,1212.07408305572
1147.96628804105,1147.96628804105,1208.84161353116,1212.12564887175
1147.96630627305,1147.96630627305,1208.90591560239,1212.18059425407
1147.96632367388,1147.96632367388,1208.96755874075,1212.23336883905
1147.9663416481,1147.9663416481,1209.03158809021,1212.28800176952
1147.96635842105,1147.96635842105,1209.09262860354,1212.3400449394
1147.96637597164,1147.96637597164,1209.15579821354,1212.39387907046
1147.96639273692,1147.96639273692,1209.21683563179,1212.44585555053
1147.9664092621,1147.96640926211,1209.27688009302,1212.4969619656
1147.96642461967,1147.96642461967,1209.33378027236,1212.54542309613
1147.96644096116,1147.96644096116,1209.39440300743,1212.59689014571
1147.96645650539,1147.96645650539,1209.45219600258,1212.64607100903
1147.96647253693,1147.96647253693,1209.5122071752,1212.69694217907
1147.96648767875,1147.96648767875,1209.56981486146,1212.74579466153
1147.96650343586,1147.96650343586,1209.62944005868,1212.79623820268
1147.96651852004,1147.96651852004,1209.68730995278,1212.84515933703
1147.96653339901,1147.96653339901,1209.74408044211,1212.89313140466
1147.96654736527,1147.96654736526,1209.79833652128,1212.93899505028
1147.96656199641,1147.96656199641,1209.85524429222,1212.98696412872
1147.9665758762,1147.9665758762,1209.90918187681,1213.03255691435
1147.96659009061,1147.96659009061,1209.96494876851,1213.07948642554
1147.96660390015,1147.96660390015,1210.02002969093,1213.12577506191
1147.96661742328,1147.96661742328,1210.07350142489,1213.17080977769
1147.96663116509,1147.96663116509,1210.128345933,1213.21681389381
1147.96664447395,1147.96664447395,1210.18224597265,1213.26196883671
1147.96665684882,1147.96665684882,1210.22966404649,1213.30217392503
1147.9666703451,1147.9666703451,1210.28668053517,1213.34960645114
1147.96668342811,1147.96668342811,1210.34008727028,1213.3941205353
1147.96669618644,1147.96669618644,1210.39281928901,1213.43812267668
1147.96670833807,1147.96670833807,1210.44283719669,1213.47992651983
1147.96672077588,1147.96672077588,1210.49428657378,1213.52275104759
1147.96673290179,1147.96673290179,1210.54531296421,1213.56515187088
1147.96674472663,1147.96674472663,1210.59447420191,1213.60612093597
1147.966756671,1147.966756671,1210.64472281068,1213.64779871104
1147.96676837101,1147.96676837101,1210.69471345929,1213.68918944673
1147.96677971045,1147.96677971045,1210.74248437198,1213.72887174789
1147.96679111647,1147.96679111647,1210.79122267675,1213.76914776328
1147.96680240335,1147.96680240335,1210.84021853187,1213.80955174887
1147.96681337044,1147.96681337044,1210.8871547166,1213.84837959513
1147.96682443919,1147.96682443919,1210.93506685035,1213.88781637512
1147.96683529105,1147.96683529104,1210.98276631401,1213.92700094305
1147.96684573611,1147.96684573611,1211.02784788353,1213.96418467815
1147.96685614004,1147.96685614004,1211.0736497417,1214.00173017525
1147.96686667442,1147.96686667442,1211.12071118272,1214.04020570456
1147.96687683253,1147.96687683253,1211.16533334403,1214.07682521479
1147.9668870674,1147.9668870674,1211.21082773271,1214.11395550488
1147.96689714284,1147.96689714283,1211.25630372898,1214.15098755272
1147.96690678425,1147.96690678425,1211.29885093795,1214.1858014263
1147.96691629947,1147.96691629947,1211.34195638124,1214.2208157753
1147.9669261548,1147.9669261548,1211.38709060036,1214.25737064042
1147.9669354973,1147.9669354973,1211.42897579507,1214.29146491044
1147.96694482752,1147.96694482752,1211.47157825837,1214.32590636501
1147.96695424729,1147.96695424729,1211.51520869312,1214.36107805605
1147.96696321221,1147.96696321221,1211.55571265153,1214.39390146834
1147.96697207012,1147.96697207012,1211.59672754718,1214.42688625785
1147.96698121189,1147.96698121189,1211.63953738091,1214.4612076268
1147.96698979367,1147.96698979367,1211.67858344342,1214.49271270168
1147.96699820609,1147.96699820609,1211.71826707658,1214.52442447822
1147.96700712276,1147.96700712276,1211.76030231863,1214.55794913641
1147.96701530543,1147.96701530543,1211.79763300536,1214.58795464722
1147.96702393255,1147.96702393255,1211.83893588286,1214.62068821271
1147.9670324582,1147.9670324582,1211.87933080099,1214.65272799922
1147.96704044752,1147.96704044752,1211.91714043939,1214.68274091534
1147.96704871676,1147.96704871676,1211.95635621156,1214.71373882682
1147.96705627824,1147.96705627823,1211.9934563537,1214.7430563941
1147.96706417021,1147.96706417021,1212.02930043555,1214.77133597994
1147.96707197893,1147.96707197893,1212.06729481913,1214.80118625927
1147.96707951894,1147.96707951894,1212.1028091071,1214.8292815056
1147.96708714933,1147.96708714932,1212.13914116817,1214.85759929386
1147.96709462123,1147.96709462123,1212.17586074621,1214.88622081484
1147.9671015421,1147.9671015421,1212.20691555526,1214.91082344852
1147.96710908231,1147.96710908231,1212.24530218993,1214.94043484294
1147.96711640866,1147.96711640866,1212.28071200429,1214.96779464264
1147.96712360598,1147.96712360597,1212.31620229847,1214.99519965268
1147.96713066269,1147.96713066269,1212.35057336048,1215.02169081137
1147.96713760374,1147.96713760374,1212.3844699202,1215.04774906288
1147.96714439656,1147.96714439656,1212.41769716781,1215.07323687643
1147.96715092509,1147.96715092509,1212.44962979389,1215.09770871127
1147.96715771195,1147.96715771195,1212.48262669518,1215.12287124932
1147.96716405621,1147.96716405621,1212.51415116845,1215.14684651288
1147.9671704969,1147.9671704969,1212.54593118014,1215.17094820275
1147.96717680192,1147.96717680191,1212.57686818817,1215.19433382025
1147.96718317539,1147.96718317539,1212.60759136542,1215.21749428061
1147.96718891678,1147.96718891678,1212.63647865271,1215.23921156009
1147.96719536784,1147.96719536784,1212.66841063997,1215.26308724734
1147.96720112092,1147.96720112092,1212.69641945022,1215.28410489425
1147.96720705929,1147.96720705929,1212.7259066262,1215.30600021817
1147.96721307362,1147.96721307362,1212.75614150715,1215.32834148201
1147.96721852521,1147.96721852521,1212.78129330205,1215.34721995829
1147.96722447983,1147.96722447983,1212.81209003438,1215.36972646325
1147.96723023313,1147.96723023313,1212.84058477573,1215.39049983935
1147.96723569288,1147.96723569288,1212.8674885534,1215.41030236062
1147.96724118428,1147.96724118428,1212.89449939298,1215.42978767416
1147.96724675782,1147.96724675782,1212.92288194453,1215.45024386266
1147.96725182448,1147.96725182448,1212.94598746265,1215.46718806285
1147.96725710564,1147.96725710564,1212.97257485022,1215.48619568015
1147.96726221987,1147.96726221987,1212.99759377111,1215.50411110686
1147.96726734784,1147.96726734784,1213.02327154514,1215.52232430606
1147.96727239827,1147.96727239827,1213.04797324278,1215.53982579384
1147.96727740924,1147.96727740924,1213.07298389561,1215.55738607225
1147.96728235984,1147.96728235984,1213.0971150679,1215.57430166829
1147.96728725747,1147.96728725747,1213.12146206124,1215.59121055726
1147.96729209717,1147.96729209717,1213.14494522106,1215.60748788845
1147.96729688028,1147.96729688028,1213.16860921623,1215.62373276439
1147.96730160569,1147.96730160569,1213.19141727212,1215.63935406345
1147.96730627378,1147.96730627378,1213.21438612438,1215.65492747923
1147.9673108845,1147.9673108845,1213.23650909902,1215.66988672134
1147.96731543821,1147.96731543821,1213.25877757124,1215.68478593196
1147.96731993524,1147.96731993524,1213.28021244279,1215.69908180314
1147.96732437608,1147.96732437608,1213.30177927497,1215.71330670945
1147.96732876121,1147.96732876121,1213.32252610207,1215.72693994157
1147.96733309119,1147.96733309119,1213.34339204838,1215.74049175474
1147.96733736659,1147.96733736659,1213.36345229091,1215.7534639871
1147.96734158802,1147.96734158802,1213.38361906607,1215.76634452645
1147.96734575609,1147.96734575609,1213.40299481453,1215.77865779315
1147.96734987143,1147.96734987143,1213.42246456943,1215.79086914386
1147.96735393467,1147.96735393467,1213.44115818567,1215.80252563987
1147.96735794644,1147.96735794644,1213.45993325617,1215.81406999266
1147.96736190738,1147.96736190738,1213.4779472068,1215.82507196801
1147.96736581811,1147.96736581811,1213.49602999674,1215.83595154636
1147.96736967927,1147.96736967927,1213.51336677733,1215.84630125933
1147.96737349147,1147.96737349147,1213.5307597056,1215.85651828763
1147.96737725534,1147.96737725534,1213.54742180713,1215.86621798481
1147.96738097148,1147.96738097148,1213.5641272847,1215.87577467512
1147.96738464051,1147.96738464051,1213.58011717948,1215.8848265835
1147.96738826302,1147.96738826302,1213.59613760007,1215.89372513049
1147.9673918396,1147.9673918396,1213.61145773635,1215.9021314547
1147.96739537083,1147.96739537083,1213.62679547306,1215.9103740341
1147.96739885731,1147.96739885731,1213.64144827335,1215.91813695578
1147.96740229959,1147.96740229959,1213.65610567786,1215.92572572426
1147.96740569825,1147.96740569825,1213.6700935388,1215.93284740227
1147.96740905383,1147.96740905383,1213.68407294154,1215.93978449774
1147.96741236689,1147.96741236689,1213.69739823426,1215.94626706861
1147.96741563798,1147.96741563798,1213.71070194491,1215.95255461069
1147.96741886762,1147.96741886762,1213.72336701566,1215.95840018911
1147.96742205634,1147.96742205634,1213.73599732371,1215.96404027959
1147.96742520468,1147.96742520468,1213.74800449436,1215.96925095888
1147.96742831314,1147.96742831314,1213.75996366965,1215.97424568215
1147.96743138223,1147.96743138223,1213.77131523821,1215.97882353464
1147.96743441246,1147.96743441246,1213.78260553139,1215.98317495808
1147.96743740432,1147.96743740432,1213.7933037725,1215.98712203552
1147.96744035829,1147.96744035829,1213.80392741548,1215.99083220978
1147.96744327487,1147.96744327487,1213.81397458079,1215.99415054365
1147.96744615453,1147.96744615453,1213.8239337871,1215.99722150297
1147.96744899774,1147.96744899774,1213.83333210563,1215.9999131048
1147.96745180497,1147.96745180497,1213.84262907075,1216.0023468673
1147.96745457667,1147.96745457667,1213.85138074926,1216.00441372892
1147.96745731329,1147.96745731329,1213.86001765098,1216.00621229682
1147.96746001529,1147.96746001529,1213.86812487426,1216.00765639067
1147.9674626831,1147.9674626831,1213.8761038729,1216.00882175051
1147.96746531715,1147.96746531715,1213.88356880408,1216.00964502988
1147.96746791789,1147.96746791789,1213.8908920428,1216.01017915275
1147.96747048573,1147.96747048573,1213.89771682363,1216.01038355201
1147.96747302109,1147.96747302109,1213.90438642868,1216.01028839377
1147.96747552438,1147.96747552438,1213.91057317979,1216.0098758286
1147.96747799602,1147.96747799602,1213.91659126075,1216.00915333008
1147.96748043639,1147.96748043639,1213.92214208191,1216.0081256977
1147.96748284591,1147.96748284591,1213.92751073192,1216.00677778486
1147.96748522497,1147.96748522497,1213.93242770231,1216.00513696429
1147.96748757395,1147.96748757395,1213.93714899829,1216.00316554841
1147.96748989322,1147.96748989323,1213.94143417671,1216.00091340061
1147.96749218319,1147.96749218319,1213.94551017955,1215.99832037851
1147.9674944442,1147.9674944442,1213.9491656047,1215.99545874667
1147.96749667663,1147.96749667663,1213.95259835953,1215.99224600082
1147.96749888085,1147.96749888085,1213.95562605019,1215.9887767105
1147.96750105721,1147.96750105721,1213.95841758652,1215.98494610924
1147.96750320607,1147.96750320607,1213.96081954182,1215.98087096862
1147.96750532777,1147.96750532777,1213.96297187376,1215.97642436628
1147.96750742267,1147.96750742267,1213.96475007341,1215.97174516636
1147.96750949109,1147.96750949109,1213.96626519984,1215.96668440345
1147.96751153338,1147.96751153338,1213.96742160431,1215.96140291819
1147.96751354987,1147.96751354987,1213.9683015091,1215.95572982156
1147.96751554088,1147.96751554088,1213.96883805986,1215.94984780816
1147.96751750674,1147.96751750674,1213.96908471203,1215.94356419111
1147.96751944777,1147.96751944777,1213.96900333178,1215.93708339013
1147.96752136428,1147.96752136428,1213.96861868566,1215.93019105262
1147.96752325658,1147.96752325658,1213.9679212785,1215.92311318822
1147.96752512499,1147.96752512499,1213.96690727393,1215.91561391696
1147.96752696979,1147.96752696979,1213.96559572561,1215.90794069706
1147.9675287913,1147.9675287913,1213.96395428811,1215.89983626569
1147.96753058981,1147.96753058981,1213.96203046621,1215.89156938217
1147.96753236561,1147.96753236561,1213.9597635071,1215.88286155138
1147.96753411898,1147.96753411898,1213.95722926127,1215.87400268026
1147.96753585021,1147.96753585021,1213.95433867787,1215.86469319794
1147.96753755959,1147.96753755959,1213.95119583997,1215.85524399956
1147.96753924738,1147.96753924738,1213.94768351577,1215.84533460095
1147.96754091387,1147.96754091387,1213.94393390015,1215.83529672013
1147.96754255932,1147.96754255932,1213.93980170493,1215.82478912792
1147.96754418399,1147.96754418399,1213.93544710853,1215.8141641942
1147.96754578816,1147.96754578816,1213.93069689854,1215.80306011867
1147.96754737208,1147.96754737208,1213.92573910119,1215.79184974642
1147.967548936,1147.967548936,1213.92037271928,1215.78015088559
1147.96755048019,1147.96755048019,1213.91481348382,1215.76835667424
1147.96755200488,1147.96755200488,1213.90883275958,1215.75606471397
1147.96755351034,1147.96755351034,1213.90267383209,1215.74368824814
1147.96755499679,1147.96755499679,1213.89608058203,1215.73080486226
1147.96755646449,1147.96755646449,1213.889323692,1215.71784771197
1147.96755791366,1147.96755791366,1213.88211971966,1215.70437456243
1147.96755934454,1147.96755934454,1213.87476658019,1215.69083828323
1147.96756075737,1147.96756075737,1213.86695367628,1215.67677702018
1147.96756215238,1147.96756215238,1213.85900598427,1215.66266315335
1147.96756352978,1147.96756352978,1213.8505859268,1215.64801541529
1147.9675648898,1147.9675648898,1213.84204536314,1215.633325488
1147.96756623266,1147.96756623266,1213.8330199176,1215.61809290187
1147.96756755858,1147.96756755858,1213.82388814731,1215.60282842736
1147.96756886777,1147.96756886777,1213.81425906674,1215.58701260867
1147.96757016045,1147.96757016045,1213.80453773924,1215.57117508638
1147.96757143681,1147.96757143681,1213.79430676437,1215.55477763933
1147.96757269708,1147.96757269708,1213.78399751358,1215.5383685551
1147.96757394145,1147.96757394145,1213.77316637299,1215.52139107266
1147.96757517012,1147.96757517012,1213.76227081754,1215.50441189887
1147.96757638329,1147.96757638329,1213.75084122777,1215.48685596294
1147.96757758116,1147.96757758116,1213.73936097119,1215.46930815868
1147.96757876392,1147.96757876392,1213.72733463684,1215.45117534014
1147.96757993176,1147.96757993177,1213.71527126772,1215.43306035138
1147.96758108488,1147.96758108488,1213.70264988158,1215.41435221023
1147.96758222345,1147.96758222345,1213.69000497374,1215.39567146994
1147.96758334766,1147.96758334766,1213.67679021693,1215.3763895554
1147.96758445769,1147.96758445769,1213.66356532961,1215.35714448375
1147.96758555372,1147.96758555372,1213.64975887167,1215.33729033436
1147.96758663593,1147.96758663593,1213.63595554971,1215.31748233885
1147.96758770449,1147.96758770449,1213.62155904871,1215.29705748258
1147.96758875958,1147.96758875958,1213.60717882268,1215.2766879582
1147.96758980136,1147.96758980136,1213.59219392536,1215.25569391252
1147.96759083001,1147.96759083001,1213.57723831179,1215.23476424192
1147.96759184568,1147.96759184568,1213.56166665364,1215.21320251393
1147.96759284855,1147.96759284855,1213.54613715511,1215.19171406753
1147.96759383877,1147.96759383877,1213.5299803605,1215.16958615404
1147.96759481651,1147.96759481651,1213.51387846589,1215.14754029022
1147.96759578192,1147.96759578192,1213.49713814815,1215.12484767787
1147.96759673515,1147.96759673515,1213.48046533276,1215.10224574309
1147.96759767637,1147.96759767637,1213.46314309431,1215.0789899084
1147.96759860572,1147.96759860572,1213.44590082001,1215.05583323737
1147.96759952336,1147.96759952336,1213.42799825247,1215.03201564686
1147.96760042942,1147.96760042942,1213.41018796788,1215.00830556268
1147.96760132406,1147.96760132406,1213.39170665213,1214.98392767298
1147.96760220743,1147.96760220743,1213.3733297928,1214.95966548726
1147.96760307965,1147.96760307965,1213.35427129912,1214.93472874515
1147.96760394088,1147.96760394088,1213.33532928767,1214.9099157582
1147.96760479126,1147.96760479126,1213.31569517581,1214.88442160074
1147.96760563091,1147.96760563091,1213.29618942209,1214.85905910166
1147.96760645998,1147.96760645998,1213.27598124138,1214.83300895627
1147.9676072786,1147.9676072786,1213.25591314261,1214.80709822314
1147.9676080869,1147.9676080869,1213.23513243206,1214.78049350767
1147.96760888501,1147.96760888501,1213.21450337302,1214.75403580763
1147.96760967306,1147.96760967306,1213.1931516614,1214.72687793047
1147.96761045118,1147.96761045118,1213.17196301455,1214.69987451993
1147.96761121949,1147.96761121949,1213.15004182051,1214.67216488006
1147.96761197811,1147.96761197811,1213.12829494616,1214.64461700478
1147.96761272717,1147.96761272717,1213.10580577828,1214.61635699189
1147.9676134668,1147.9676134668,1213.08350202475,1214.58826588714
1147.96761419709,1147.96761419709,1213.06044638164,1214.55945688168
1147.96761491819,1147.96761491819,1213.03758708539,1214.53082377237
1147.9676156302,1147.9676156302,1213.01396645581,1214.50146714566
1147.96761633323,1147.96761633323,1212.99055294159,1214.47229324647
1147.9676170274,1147.9676170274,1212.96636880451,1214.44239036076
1147.96761771282,1147.96761771282,1212.94240238552,1214.41267687628
1147.96761838961,1147.96761838961,1212.9176562102,1214.38222908482
1147.96761905786,1147.96761905786,1212.89313818823,1214.35197720967
1147.9676197177,1147.9676197177,1212.86783143434,1214.32098585683
1147.96762036921,1147.96762036921,1212.84276309989,1214.29019677579
1147.96762101252,1147.96762101252,1212.81689721755,1214.25866319707
1147.96762164772,1147.96762164772,1212.79127985002,1214.22733808523
1147.96762227492,1147.96762227492,1212.76485627991,1214.19526360741
1147.96762289421,1147.96762289421,1212.73869114771,1214.16340363026
1147.96762350569,1147.96762350569,1212.71171132112,1214.13078957141
1147.96762410948,1147.96762410948,1212.68499968181,1214.098395885
1147.96762470565,1147.96762470565,1212.65746502079,1214.06524355459
1147.96762529431,1147.96762529431,1212.63020812122,1214.03231730563
1147.96762587555,1147.96762587555,1212.60212003857,1213.9986280046
1147.96762644947,1147.96762644947,1212.57431911503,1213.96517033061
1147.96762701615,1147.96762701615,1212.54567901444,1213.93094535142
1147.9676275757,1147.9676275757,1212.51733529278,1213.89695738082
1147.96762812819,1147.96762812819,1212.48814456889,1213.86219800755
1147.96762867373,1147.96762867373,1212.45925926466,1213.8276808598
1147.96762921238,1147.96762921238,1212.42951930314,1213.7923883682
1147.96762974426,1147.96762974425,1212.40009362171,1213.75734315393
1147.96763026942,1147.96763026942,1212.36980579933,1213.7215188115
1147.96763078798,1147.96763078798,1212.33984093606,1213.6859466326
1147.96763129999,1147.96763129999,1212.30900662075,1213.64959169865
1147.96763180556,1147.96763180556,1212.27850376109,1213.61349364841
1147.96763230476,1147.96763230476,1212.24712431205,1213.57660937412
1147.96763279766,1147.96763279766,1212.21608463164,1213.53998653736
1147.96763328436,1147.96763328436,1212.1841613994,1213.50257416587
1147.96763376493,1147.96763376493,1212.15258606427,1213.465427619
1147.96763423943,1147.96763423943,1212.12012039072,1213.42748838547
1147.96763470797,1147.96763470797,1212.08801055736,1213.38981919668
1147.96763517059,1147.96763517059,1212.05500377589,1213.35135432832
1147.96763562739,1147.96763562739,1212.0223605914,1213.31316355762
1147.96763607843,1147.96763607843,1211.98881402693,1213.27417427381
1147.9676365238,1147.9676365238,1211.95563862911,1213.2354629732
1147.96763696355,1147.96763696355,1211.92155359817,1213.19595048551
1147.96763739775,1147.96763739775,1211.8878471157,1213.15671969907
1147.96763782649,1147.96763782649,1211.85322492648,1213.11668521133
1147.96763824983,1147.96763824983,1211.81898847899,1213.07693597532
1147.96763866783,1147.96763866783,1211.78383043144,1213.03638068369
1147.96763908057,1147.96763908057,1211.74906512965,1212.99611402667
1147.96763948811,1147.96763948811,1211.71337251554,1212.95503911971
1147.96763989051,1147.96763989051,1211.67807946137,1212.91425606266
1147.96764028785,1147.96764028785,1211.64185356434,1212.87266272135
1147.96764068017,1147.96764068017,1211.60603385103,1212.83136427776
1147.96764106756,1147.96764106756,1211.56927594667,1212.78925367562
1147.96764145007,1147.96764145007,1211.53293065892,1212.74744085159
1147.96764182775,1147.96764182775,1211.49564201482,1212.70481415469
1147.96764220068,1147.96764220068,1211.45877222886,1212.66248794905
1147.96764256891,1147.96764256891,1211.4209541047,1212.61934631608
1147.9676429325,1147.9676429325,1211.38356088845,1212.5765077205
1147.96764329151,1147.96764329151,1211.34521453604,1212.53285230284
1147.967643646,1147.967643646,1211.30729894918,1212.48950230192
1147.96764399602,1147.96764399602,1211.26842561254,1212.44533424367
1147.96764434163,1147.96764434163,1211.22998870665,1212.40147381504
1147.96764468289,1147.96764468289,1211.19058962207,1212.3567942531
1147.96764501985,1147.96764501985,1211.15163244071,1212.31242436756
1147.96764535257,1147.96764535257,1211.1117088368,1212.26723443166
1147.96764568109,1147.96764568109,1211.07223241566,1212.22235605322
1147.96764600548,1147.96764600548,1211.03178551342,1212.176656866
1147.96764632578,1147.96764632578,1210.99179088041,1212.13127095202
1147.96764664204,1147.96764664204,1210.9508218933,1212.08506362908
1147.96764695432,1147.96764695432,1210.91031006863,1212.03917113036
1147.96764726267,1147.96764726267,1210.86882020261,1211.99245678028
1147.96764756713,1147.96764756713,1210.82779219893,1211.94605864115
1147.96764786776,1147.96764786776,1210.78578265254,1211.89883836559
1147.9676481646,1147.9676481646,1210.74423947503,1211.85193552403
1147.9676484577,1147.9676484577,1210.70171143943,1211.80421041773
1147.96764874711,1147.96764874711,1210.65965408592,1211.75680380544
1147.96764903287,1147.96764903287,1210.61660874494,1211.70857495631
1147.96764931503,1147.96764931503,1210.57403820599,1211.66066549883
1147.96764959364,1147.96764959364,1210.53047673623,1211.61193398798
1147.96764986874,1147.96764986874,1210.48739399522,1211.56352260475
1147.96765014037,1147.96765014037,1210.44331756607,1211.51428950654
1147.96765040859,1147.96765040859,1210.39972359935,1211.46537711104
1147.96765067342,1147.96765067342,1210.35513337304,1211.41564349313
1147.96765093492,1147.96765093492,1210.31102914998,1211.36623099294
1147.96765119312,1147.96765119312,1210.26592628168,1211.31599791634
1147.96765144808,1147.96765144808,1210.22131276479,1211.26608621323
1147.96765169982,1147.96765169982,1210.17569840261,1211.21535473236
1147.96765194838,1147.96765194838,1210.13057654765,1211.16494472239
1147.96765219382,1147.96765219382,1210.08445183272,1211.11371588508
1147.96765243617,1147.96765243617,1210.03882258875,1211.06280845872
1147.96765267546,1147.96765267546,1209.99218865528,1211.01108330631
1147.96765291174,1147.96765291174,1209.94605296483,1210.95967934848
1147.96765314505,1147.96765314505,1209.89891094014,1210.90745891581
1147.96765337541,1147.96765337541,1209.85226973923,1210.855559306
1147.96765360288,1147.96765360288,1209.80462074383,1210.80284462152
1147.96765382747,1147.96765382747,1209.7574749621,1210.75045023387
1147.96765404924,1147.96765404924,1209.70932010972,1210.69724231962
1147.96765426822,1147.96765426822,1209.66167067053,1210.64435402301
1147.96765448444,1147.96765448444,1209.61301106817,1210.59065389469
1147.96765469793,1147.96765469793,1209.56485888868,1210.53727255282
1147.96765490874,1147.96765490874,1209.51569563666,1210.48308121983
1147.96765511689,1147.96765511688,1209.46704162791,1210.42920769131
1147.96765532241,1147.96765532241,1209.41737581994,1210.37452615681
1147.96765552535,1147.96765552535,1209.36822088698,1210.32016129525
1147.96765572574,1147.96765572574,1209.31805361017,1210.26499055616
1147.96765592359,1147.96765592359,1209.2683986521,1210.21013521025
1147.96765611896,1147.96765611896,1209.21773098705,1210.15447625731
1147.96765631187,1147.96765631187,1209.16757689713,1210.0991312709
1147.96765650234,1147.96765650234,1209.11640991795,1210.04298508872
1147.96765669042,1147.96765669042,1209.06575758371,1209.98715130092
1147.96765687613,1147.96765687613,1209.01409235805,1209.93051886802
1147.9676570595,1147.9676570595,1208.96294266135,1209.87419711324
1147.96765724056,1147.96765724056,1208.91078025049,1209.81707940205
1147.96765741934,1147.96765741934,1208.85913406761,1209.76027051014
1147.96765759587,1147.96765759587,1208.80647552648,1209.70266848709
1147.96765777017,1147.96765777017,1208.75433372822,1209.64537328337
1147.96765794228,1147.96765794228,1208.70118010542,1209.58728790889
1147.96765811222,1147.96765811222,1208.64854355717,1209.52950721427
1147.96765828002,1147.96765828002,1208.59489589506,1209.47093944284
1147.96765844571,1147.96765844571,1208.54176545691,1209.41267407386
1147.96765860931,1147.96765860931,1208.48762479162,1209.35362485404
1147.96765877085,1147.96765877085,1208.4340013184,1209.29487562299
1147.96765893035,1147.96765893035,1208.37936867987,1209.23534589746
1147.96765908785,1147.96765908785,1208.32525302128,1209.17611361241
1147.96765924336,1147.96765924336,1208.27012943333,1209.11610431802
1147.96765939691,1147.96765939691,1208.215522434,1209.05638978295
1147.96765954853,1147.96765954853,1208.15990891434,1208.9959018507
1147.96765969824,1147.96765969824,1208.1048114139,1208.93570586553
1147.96765984607,1147.96765984607,1208.04870897418,1208.87474022068
1147.96765999203,1147.96765999203,1207.99312180738,1208.81406358138
1147.96766013615,1147.96766013615,1207.93653145324,1208.75262114342
1147.96766027846,1147.96766027846,1207.88045544998,1208.69146464207
1147.96766041898,1147.96766041898,1207.82337818106,1208.62954632479
1147.96766055772,1147.96766055772,1207.76681416653,1208.56791074962
1147.96766069472,1147.96766069472,1207.70925097653,1208.50551746113
1147.96766083,1147.96766083,1207.65219977123,1208.44340359667
1147.96766096357,1147.96766096357,1207.59415164795,1208.38053623943
1147.96766109545,1147.96766109545,1207.53661406781,1208.31794486652
1147.96766122568,1147.96766122568,1207.47808199317,1208.25460433735
1147.96766135427,1147.96766135427,1207.42005884961,1208.19153623324
1147.96766148123,1147.96766148123,1207.36104379968,1208.12772342341
1147.9676616066,1147.9676616066,1207.3025358997,1208.0641793618
1147.96766173039,1147.96766173039,1207.24303884478,1207.999895157
1147.96766185262,1147.96766185262,1207.18404699101,1207.93587590816
1147.96766197331,1147.96766197331,1207.1240688956,1207.87112118855
1147.96766209248,1147.96766209248,1207.06459388642,1207.80662751935
1147.96766221015,1147.96766221015,1207.0041357093,1207.74140315962
1147.96766232633,1147.96766232633,1206.94417833887,1207.6764358336
1147.96766244106,1147.96766244106,1206.88324103312,1207.61074270295
1147.96766255434,1147.96766255434,1206.82280209149,1207.54530248042
1147.96766266619,1147.96766266619,1206.7613866045,1207.47914144261
1147.96766277663,1147.96766277663,1206.70046687768,1207.41322908069
1147.96766288568,1147.96766288568,1206.63857415122,1207.34660099407
1147.96766299336,1147.96766299336,1206.57717442122,1207.28021724676
1147.96766309969,1147.96766309969,1206.51480539146,1207.2131229643
1147.96766320467,1147.96766320467,1206.4529264364,1207.14626858254
1147.96766330833,1147.96766330833,1206.39008203392,1207.07870895187
1147.96766341069,1147.96766341069,1206.3277246281,1207.01138468363
1147.96766351175,1147.96766351175,1206.26440577793,1206.94336054703
1147.96766361155,1147.96766361155,1206.20157069189,1206.87556713735
1147.96766371008,1147.96766371008,1206.13777831355,1206.80707933181
1147.96766380738,1147.96766380738,1206.07446631414,1206.73881752288
1147.96766390345,1147.96766390345,1206.01020132166,1206.66986688011
1147.96766399831,1147.96766399831,1205.94641317213,1206.60113741131
1147.96766409198,1147.96766409198,1205.88167647408,1206.53172475777
1147.96766418446,1147.96766418446,1205.81741293411,1206.46252836576
1147.96766427578,1147.96766427578,1205.75220543363,1206.3926545227
1147.96766436596,1147.96766436596,1205.68746725945,1206.32299194146
1147.96766445499,1147.96766445499,1205.62178985428,1206.25265772493
1147.96766454291,1147.9676645429,1205.55657779871,1206.18252968583
1147.96766462971,1147.96766462971,1205.4904313812,1206.11173590671
1147.96766471543,1147.96766471543,1205.42474619371,1206.04114313858
1147.96766480006,1147.96766480006,1205.35813165087,1205.96989060258
1147.96766488363,1147.96766488363,1205.29197407767,1205.89883383175
1147.96766496614,1147.96766496614,1205.22489229118,1205.8271233395
1147.96766504762,1147.96766504762,1205.15826307529,1205.75560328985
1147.96766512807,1147.96766512807,1205.09071492153,1205.68343563687
1147.96766520751,1147.96766520751,1205.02361480282,1205.61145302993
1147.96766528594,1147.96766528594,1204.95560115291,1205.53882900665
1147.96766536339,1147.96766536339,1204.88803086818,1205.46638456161
1147.96766543987,1147.96766543987,1204.81955258796,1205.39330495343
1147.96766551538,1147.96766551538,1204.75151287101,1205.32039938724
1147.96766558994,1147.96766558994,1204.68257082112,1205.24686497454
1147.96766566356,1147.96766566356,1204.61406240281,1205.17349900192
1147.96766573625,1147.96766573625,1204.54465743869,1205.09951056006
1147.96766580803,1147.96766580803,1204.475681047,1205.02568489359
1147.9676658789,1147.9676658789,1204.4058140189,1204.95124319298
1147.96766594888,1147.96766594888,1204.33637037899,1204.87695854312
1147.96766601798,1147.96766601798,1204.26604213203,1204.80206434922
1147.96766608621,1147.96766608621,1204.19613196631,1204.7273214244
1147.96766615358,1147.96766615358,1204.12534334045,1204.65197549772
1147.9676662201,1147.9676662201,1204.05496736866,1204.57677500438
1147.96766628579,1147.96766628579,1203.98371919876,1204.50097810053
1147.96766635064,1147.96766635064,1203.91287813799,1204.42532074315
1147.96766641468,1147.96766641468,1203.84117125384,1204.34907361287
1147.96766647791,1147.96766647791,1203.76986581861,1204.27296009406
1147.96766654035,1147.96766654035,1203.69770104492,1204.19626348321
1147.967666602,1147.967666602,1203.62593194726,1204.11969450371
1147.96766666288,1147.96766666288,1203.55331010371,1204.04254915334
1147.96766672298,1147.96766672298,1203.48107805318,1203.96552541212
1147.96766678233,1147.96766678233,1203.40799995442,1203.88793205845
1147.96766684094,1147.96766684094,1203.3353056582,1203.81045425273
1147.9676668988,1147.9676668988,1203.26177211388,1203.73241362718
1147.96766695594,1147.96766695594,1203.18861627681,1203.65448245248
1147.96766701235,1147.96766701235,1203.11462809162,1203.57599528172
1147.96766706806,1147.96766706806,1203.04101141627,1203.4976114319
1147.96766712306,1147.96766712306,1202.96656938992,1203.41867843785
1147.96766717738,1147.96766717737,1202.89249257662,1203.33984260518
1147.967667231,1147.967667231,1202.81759750391,1203.26046889365
1147.96766728395,1147.96766728395,1202.74306125084,1203.18124473671
1147.96766733624,1147.96766733624,1202.66771392162,1203.10160072253
1147.96766738787,1147.96766738787,1202.59271892485,1203.02218653754
1147.96766743884,1147.96766743884,1202.51692012411,1202.94241330428
1147.96766748918,1147.96766748918,1202.44146707763,1202.86290208143
1147.96766753888,1147.96766753888,1202.36543383305,1202.78328286135
1147.96766759137,1147.96766759137,1202.28356251549,1202.69848443047
1147.96766764113,1147.96766764113,1202.20738318444,1202.6189416193
1147.96766769059,1147.96766769059,1202.13148388868,1202.540066566
1147.96766773872,1147.96766773872,1202.05837841925,1202.46412765013
1147.96766778612,1147.96766778612,1201.98679904727,1202.38995607425
1147.96766783263,1147.96766783263,1201.91718872813,1202.3179621926
1147.96766787842,1147.96766787842,1201.84927817377,1202.24789267524
1147.96766792349,1147.96766792349,1201.78314226762,1202.17981612383
1147.96766796788,1147.96766796788,1201.71871362774,1202.11366870104
1147.96766801162,1147.96766801162,1201.65600275875,1202.04945951114
1147.96766805471,1147.96766805471,1201.59499473627,1201.98717417779
1147.96766809739,1147.96766809739,1201.53563106464,1201.92672798578
1147.96766813952,1147.96766813952,1201.47737434716,1201.86771565981
1147.96766818114,1147.96766818114,1201.42160202531,1201.81110506239
1147.96766822231,1147.96766822231,1201.3663337635,1201.7555962848
1147.96766826284,1147.96766826284,1201.31368854247,1201.70253113159
1147.96766830244,1147.96766830244,1201.26189488538,1201.65079471211
1147.96766834265,1147.96766834265,1201.21030159988,1201.59891629064
1147.96766838075,1147.96766838075,1201.16033248986,1201.54897115269
1147.96766841983,1147.96766841983,1201.10982089282,1201.49832907603
1147.96766845635,1147.96766845635,1201.0611700293,1201.44975807318
1147.96766849477,1147.96766849477,1201.00967245617,1201.39836570343
1147.96766852918,1147.96766852918,1200.96343641265,1201.3517001862
1147.96766856542,1147.96766856542,1200.91373897854,1201.30201770924
1147.96766860046,1147.96766860046,1200.86488769404,1201.25320858523
1147.96766863569,1147.96766863569,1200.81526376837,1201.20362462316
1147.9676686704,1147.9676686704,1200.7657291565,1201.15413835038
1147.96766870488,1147.96766870488,1200.71595402528,1201.10441435478
1147.96766873897,1147.96766873897,1200.66614461352,1201.05465696658
1147.96766877271,1147.96766877271,1200.6162389106,1201.00480645895
1147.96766880607,1147.96766880607,1200.56629817175,1200.95491883489
1147.96766883905,1147.96766883905,1200.51630841843,1200.90498498952
1147.96766887165,1147.96766887165,1200.46629638394,1200.85502560345
1147.96766890386,1147.96766890386,1200.41625447207,1200.80503876723
1147.96766893568,1147.96766893568,1200.36619971212,1200.75503536142
1147.96766896712,1147.96766896712,1200.31612407329,1200.70501328764
1147.96766899817,1147.96766899817,1200.26604116103,1200.65498006018
1147.96766902884,1147.96766902884,1200.21594200206,1200.60493269933
1147.96766905913,1147.96766905913,1200.16583869569,1200.55487728749
1147.96766908904,1147.96766908904,1200.11572168326,1200.50481025537
1147.96766911858,1147.96766911858,1200.06560228056,1200.45473696764
1147.96766914775,1147.96766914775,1200.01547065534,1200.40465355115
1147.96766917655,1147.96766917655,1199.96533765934,1200.3545649636
1147.967669205,1147.967669205,1199.9151933737,1200.30446720351
1147.96766923309,1147.96766923309,1199.86504834064,1200.25436497074
1147.96766926082,1147.96766926082,1199.81489265636,1200.20425423188
1147.96766928821,1147.96766928821,1199.76473663176,1200.15413950429
1147.96766931525,1147.96766931525,1199.71457043143,1200.10401677361
1147.96766934195,1147.96766934195,1199.66440417569,1200.0538904141
1147.96766936832,1147.96766936832,1199.61422812522,1200.00375645711
1147.96766939435,1147.96766939435,1199.56405223149,1199.95361915506
1147.96766942006,1147.96766942006,1199.51386686562,1199.90347459903
1147.96766944544,1147.96766944544,1199.46368182237,1199.85332693161
1147.96766947051,1147.96766947051,1199.41348759065,1199.80317231099
1147.96766949525,1147.96766949525,1199.36329381575,1199.75301477722
1147.96766951969,1147.96766951969,1199.31309110817,1199.70285055951
1147.96766954382,1147.96766954382,1199.26288896831,1199.65268360012
1147.96766956764,1147.96766956764,1199.21267813017,1199.6025102014
1147.96766959117,1147.96766959117,1199.16246795255,1199.55233421124
1147.9676696144,1147.9676696144,1199.11224929382,1199.50215200617
1147.96766963733,1147.96766963733,1199.06203137371,1199.4519673424
1147.96766965998,1147.96766965998,1199.01180517525,1199.40177667114
1147.96766968234,1147.96766968234,1198.96157978118,1199.3515836591
1147.96766970442,1147.96766970442,1198.91134629919,1199.30138483235
1147.96766972622,1147.96766972622,1198.86111367685,1199.25118377005
1147.96766974775,1147.96766974775,1198.81087314624,1199.20097707298
1147.96766976901,1147.96766976901,1198.76063352144,1199.1507682345
1147.96766979,1147.96766979,1198.71038615852,1199.10055392989
1147.96766981072,1147.96766981072,1198.66013973963,1199.05033756829
1147.96766983118,1147.96766983118,1198.60988574429,1199.00011589909
1147.96766985139,1147.96766985139,1198.55963272416,1198.94989224873
1147.96766987134,1147.96766987134,1198.50937228166,1198.89966344022
1147.96766989104,1147.96766989104,1198.45911283935,1198.84943271873
1147.96766991049,1147.96766991049,1198.40884612188,1198.79919698036
1147.9676699297,1147.9676699297,1198.35858042403,1198.74895939036
1147.96766994866,1147.96766994866,1198.30830759198,1198.69871691728
1147.96766996739,1147.96766996739,1198.25803579404,1198.64847264777
1147.96766998588,1147.96766998588,1198.20775699716,1198.5982236222
1147.96767000414,1147.96767000414,1198.15747924442,1198.54797284985
1147.96767002216,1147.96767002216,1198.10719462275,1198.49771744224
1147.96767003996,1147.96767003996,1198.05691105123,1198.44746033248
1147.96767005754,1147.96767005754,1198.00662073599,1198.39719870249
1147.9676700749,1147.9676700749,1197.95633147327,1198.34693541042
1147.96767009203,1147.96767009203,1197.90603558754,1198.29666770787
1147.96767010895,1147.96767010895,1197.85574075342,1198.24639837916
1147.96767012566,1147.96767012566,1197.80543941288,1198.19612474476
1147.96767014216,1147.96767014216,1197.75513912002,1198.14584951633
1147.96767015845,1147.96767015845,1197.70483243344,1198.09557008243
1147.96767017453,1147.96767017453,1197.6545267879,1198.04528908316
1147.96767019041,1147.96767019041,1197.60421485773,1197.99500397435
1147.96767020609,1147.96767020609,1197.55390395944,1197.94471732564
1147.96767022158,1147.96767022158,1197.50358688223,1197.89442665931
1147.96767023686,1147.96767023686,1197.45327082548,1197.84413447563
1147.96767025196,1147.96767025196,1197.40294869231,1197.79383836251
1147.96767026687,1147.96767026687,1197.3526275661,1197.74354075188
1147.96767028159,1147.96767028159,1197.30230046298,1197.69323929644
1147.96767029612,1147.96767029612,1197.2519743514,1197.64293636089
1147.96767031047,1147.96767031047,1197.20164235959,1197.59262966182
1147.96767032464,1147.96767032464,1197.15131134215,1197.54232149774
1147.96767033863,1147.96767033863,1197.1009745385,1197.49200964831
1147.96767035244,1147.96767035244,1197.05063869043,1197.44169634687
1147.96767036608,1147.96767036608,1197.00029714763,1197.39137943527
1147.96767037955,1147.96767037955,1196.94995654018,1197.34106108272
1147.96767039285,1147.96767039285,1196.89961032706,1197.2907391924
1147.96767040598,1147.96767040599,1196.84946491031,1197.24061583737
1147.96767041971,1147.96767041971,1196.79649158511,1197.18803753579
1147.96767043249,1147.96767043249,1196.7485601079,1197.14007717703
1147.9676704453,1147.9676704453,1196.70031771662,1197.09204009289
1147.96767045786,1147.96767045786,1196.65505988879,1197.04662089098
1147.96767047018,1147.96767047018,1196.61049457617,1197.00229024428
1147.96767048221,1147.96767048221,1196.56929973212,1196.96090888175
1147.96767049412,1147.96767049412,1196.52841725782,1196.92025336178
1147.96767050645,1147.96767050645,1196.4883144487,1196.88004203769
1147.9676705184,1147.9676705184,1196.4503710897,1196.84226599247
1147.96767053017,1147.96767053017,1196.41463882821,1196.80654517195
1147.96767054172,1147.96767054172,1196.38096065214,1196.77292205334
1147.96767055313,1147.96767055313,1196.34921950413,1196.74121465042
1147.96767056435,1147.96767056435,1196.31943873351,1196.71147607638
1147.96767057543,1147.96767057543,1196.29157100814,1196.68364284006
1147.96767058636,1147.96767058636,1196.26562052551,1196.65772963698
1147.96767059714,1147.96767059714,1196.24156467418,1196.63370704513
1147.96767060778,1147.96767060778,1196.21940595396,1196.61158257248
1147.96767061828,1147.96767061828,1196.19913166321,1196.59134011341
1147.96767062865,1147.96767062865,1196.18074444669,1196.57298486363
1147.96767063889,1147.96767063889,1196.16423706211,1196.55650787188
1147.96767064896,1147.96767064896,1196.14965380757,1196.54194769301
1147.96767065909,1147.96767065909,1196.13666752755,1196.5289921218
1147.96767066893,1147.96767066893,1196.12578206974,1196.51812789142
1147.9676706778,1147.9676706778,1196.11701917107,1196.50939568073
1147.96767068689,1147.96767068689,1196.10855236969,1196.50081853183
1147.96767069692,1147.96767069692,1196.09929969887,1196.49167732181
1147.967670706,1147.967670706,1196.09128538249,1196.48369214792
1147.96767071475,1147.96767071475,1196.08368251316,1196.47605043941
1147.96767072367,1147.96767072367,1196.07593296504,1196.46831892692
1147.96767073242,1147.96767073242,1196.06833475595,1196.46072650507
1147.96767074115,1147.96767074115,1196.06069813216,1196.4531056309
1147.96767074977,1147.96767074977,1196.05311151927,1196.44552224165
1147.96767075833,1147.96767075833,1196.04550195787,1196.43792639405
1147.96767076679,1147.96767076679,1196.03791070373,1196.43033676792
1147.96767077516,1147.96767077516,1196.03029518602,1196.42273373866
1147.96767078343,1147.96767078343,1196.02268844236,1196.41512764896
1147.96767079162,1147.96767079162,1196.01505555137,1196.40750649402
1147.9676707997,1147.9676707997,1196.00742867907,1196.39987967522
1147.96767080769,1147.96767080769,1195.99977508366,1196.39223734612
1147.96767081559,1147.96767081559,1195.99212710037,1196.3845890326
1147.96767082338,1147.96767082338,1195.98445267539,1196.37692556847
1147.96767083108,1147.96767083108,1195.97678430294,1196.36925660661
1147.96767083869,1147.96767083869,1195.96909015003,1196.3615732026
1147.9676708462,1147.9676708462,1195.96140276331,1196.35388503877
1147.96767085362,1147.96767085362,1195.95369036976,1196.3461832348
1147.96767086095,1147.96767086095,1195.94598549992,1196.33847744156
1147.96767086818,1147.96767086818,1195.93825638625,1196.33075878788
1147.96767087532,1147.96767087532,1195.93053550955,1196.32303686611
1147.96767088238,1147.96767088238,1195.92279109393,1196.31530279811
1147.96767088934,1147.96767088934,1195.91505555615,1196.30756610889
1147.96767089622,1147.96767089622,1195.90729711383,1196.29981791228
1147.96767090302,1147.96767090302,1195.89954811451,1196.29206766541
1147.96767090972,1147.96767090972,1195.89177677683,1196.28430647842
1147.96767091634,1147.96767091634,1195.88401537771,1196.27654374306
1147.96767092288,1147.96767092288,1195.87623214559,1196.26877057163
1147.96767092934,1147.96767092934,1195.86845928679,1196.26099629379
1147.96767093571,1147.96767093571,1195.86066504798,1196.25321202969
1147.96767094201,1147.96767094201,1195.8528815652,1196.24542705006
1147.96767094822,1147.96767094822,1195.84507711086,1196.23763248793
1147.96767095436,1147.96767095436,1195.83728375094,1196.22983755782
1147.96767096042,1147.96767096042,1195.82946979017,1196.22203340991
1147.96767096641,1147.96767096641,1195.82166722443,1196.2142292047
1147.96767097231,1147.96767097231,1195.81384439637,1196.20641611313
1147.96767097815,1147.96767097815,1195.80603323159,1196.19860324341
1147.96767098391,1147.96767098391,1195.79820211549,1196.19078179024
1147.9676709896,1147.9676709896,1195.79038290302,1196.18296081094
1147.96767099521,1147.96767099521,1195.78254402646,1196.17513152645
1147.96767100076,1147.96767100076,1195.77471726961,1196.16730294427
1147.96767100624,1147.96767100624,1195.76687111527,1196.15946631371
1147.96767101164,1147.96767101164,1195.75903727549,1196.15163059329
1147.96767101698,1147.96767101698,1195.75118428672,1196.14378706248
1147.96767102225,1147.96767102225,1195.74334378864,1196.13594463151
1147.96767102746,1147.96767102746,1195.73548437411,1196.12809461149
1147.9676710326,1147.9676710326,1195.7276376098,1196.12024586492
1147.96767103767,1147.96767103767,1195.71977214743,1196.11238973585
1147.96767104268,1147.96767104268,1195.71191947996,1196.10453503948
1147.96767104763,1147.96767104763,1195.70404832014,1196.09667315392
1147.96767105252,1147.96767105252,1195.69619008657,1196.08881284742
1147.96767105734,1147.96767105734,1195.688313555,1196.08094553312
1147.9676710621,1147.9676710621,1195.68045006898,1196.0730799326
1147.96767106681,1147.96767106681,1195.67256846902,1196.06520749489
1147.96767107145,1147.96767107145,1195.66470002299,1196.05733689512
1147.96767107604,1147.96767107604,1195.65681363773,1196.04945961897
1147.96767108056,1147.96767108056,1195.64913093007,1196.04177480923
1147.96767108523,1147.96767108523,1195.64139666948,1196.03410847582
1147.96767108989,1147.96767108989,1195.63510889953,1196.02781456582
1147.96767109421,1147.96767109421,1195.6303261481,1196.02306557216
1147.96767109876,1147.96767109876,1195.62692555186,1196.01966031239
1147.96767110293,1147.96767110293,1195.62537334815,1196.01813506477
1147.96767110738,1147.96767110738,1195.62531443447,1196.01808380107
1147.96767111159,1147.96767111159,1195.62725179193,1196.02004132826
1147.96767111574,1147.96767111574,1195.63091979529,1196.02372902724
1147.96767111949,1147.96767111949,1195.63662093505,1196.02944811765
1147.96767112331,1147.96767112331,1195.64366817477,1196.03650898915
1147.96767112747,1147.96767112747,1195.65308658752,1196.04596695827
1147.96767113137,1147.96767113137,1195.66437029165,1196.0572508232
1147.96767113527,1147.96767113527,1195.67735578371,1196.07025384316
1147.96767113902,1147.96767113903,1195.69208592722,1196.08500540845
1147.96767114278,1147.96767114278,1195.70832275928,1196.10124382445
1147.96767114634,1147.96767114634,1195.72483065775,1196.11779544833
1147.9676711498,1147.9676711498,1195.74154593874,1196.13467143429
1147.96767115355,1147.96767115355,1195.76045134204,1196.1534459119
1147.96767115717,1147.96767115717,1195.77898245056,1196.17202870703
1147.96767116067,1147.96767116067,1195.79743926156,1196.19048208503
1147.96767116394,1147.96767116394,1195.815026315,1196.208175402
1147.96767116737,1147.96767116737,1195.83401148637,1196.22706262455
1147.96767117079,1147.96767117079,1195.85282378334,1196.24589345734
1147.96767117416,1147.96767117416,1195.87202128668,1196.26501919958
1147.96767117759,1147.96767117759,1195.89132757105,1196.28440892604
1147.96767118089,1147.96767118089,1195.91042840458,1196.30348284894
1147.96767118415,1147.96767118415,1195.92946724442,1196.32253157602
1147.96767118734,1147.96767118734,1195.94839415708,1196.34144995489
1147.96767119041,1147.96767119041,1195.96693739281,1196.35995670348
1147.96767119354,1147.96767119354,1195.98576694388,1196.37883896742
1147.9676711965,1147.9676711965,1196.00413791337,1196.39717560237
1147.96767119963,1147.96767119963,1196.02360597774,1196.41663418208
1147.9676712026,1147.9676712026,1196.04238264362,1196.43541138589
1147.96767120549,1147.96767120549,1196.06093923428,1196.45393225732
1147.96767120838,1147.96767120838,1196.07959422198,1196.47260837568
1147.96767121127,1147.96767121127,1196.09845218575,1196.4914996562
1147.96767121388,1147.96767121388,1196.11590755474,1196.50894257319
1147.96767121656,1147.96767121656,1196.13364962098,1196.52694793021
1147.96767121953,1147.96767121953,1196.15415974762,1196.54720724837
1147.96767122226,1147.96767122226,1196.1730028931,1196.56601091654
1147.96767122501,1147.96767122501,1196.19212242663,1196.58513451266
1147.96767122761,1147.96767122761,1196.21062034845,1196.60359011447
1147.96767123032,1147.96767123032,1196.22976971617,1196.62279770285
1147.96767123292,1147.96767123292,1196.24855155301,1196.64154634331
1147.96767123543,1147.96767123543,1196.26704591192,1196.66000917246
1147.96767123801,1147.96767123801,1196.28596191023,1196.67897518271
1147.96767124041,1147.96767124041,1196.30406286839,1196.69704796622
1147.96767124274,1147.96767124274,1196.32173587705,1196.71486648735
1147.96767124524,1147.96767124524,1196.34125305848,1196.73421070219
1147.96767124769,1147.96767124769,1196.3601967558,1196.75318260286
1147.96767125003,1147.96767125003,1196.37884072779,1196.77177117326
1147.96767125244,1147.96767125244,1196.39791373301,1196.79090484598
1147.96767125473,1147.96767125473,1196.41651194556,1196.809466823
1147.96767125692,1147.96767125692,1196.4345981289,1196.82754147309
1147.96767125916,1147.96767125916,1196.45300558261,1196.84598263612
1147.9676712614,1147.9676712614,1196.47195696412,1196.86486426811
1147.96767126347,1147.96767126347,1196.48951934155,1196.88258027858
1147.9676712657,1147.9676712657,1196.50896726399,1196.90187416837
1147.96767126783,1147.96767126783,1196.52737788636,1196.92032007857
1147.96767126985,1147.96767126985,1196.54525150192,1196.93831093697
1147.96767127202,1147.96767127202,1196.56484506802,1196.9577490918
1147.96767127413,1147.96767127413,1196.58375206295,1196.97668045467
1147.96767127612,1147.96767127612,1196.60221065498,1196.99509280075
1147.96767127812,1147.96767127812,1196.62055548637,1197.01350169253
1147.96767128001,1147.96767128001,1196.63826617766,1197.03135925422
1147.96767128208,1147.96767128208,1196.65816829414,1197.05106009979
1147.96767128403,1147.96767128403,1196.67684443103,1197.06974802085
1147.96767128594,1147.96767128594,1196.69552493823,1197.08840855042
1147.96767128785,1147.96767128785,1196.71447365857,1197.10731162101
1147.96767128977,1147.96767128977,1196.7334743991,1197.12637139696
1147.9676712916,1147.9676712916,1196.75201703734,1197.14488352428
1147.96767129331,1147.96767129331,1196.76953667199,1197.16250281335
1147.96767129508,1147.96767129508,1196.78793946373,1197.18089866929
1147.9676712968,1147.9676712968,1196.80615107339,1197.19909875488
1147.96767129852,1147.96767129852,1196.82458934042,1197.21753431027
1147.96767130022,1147.96767130022,1196.84302857117,1197.23596353133
1147.96767130191,1147.96767130191,1196.86153124172,1197.25446527214
1147.96767130358,1147.96767130358,1196.88006234066,1197.272987275
1147.96767130523,1147.96767130523,1196.89860926942,1197.2915338408
1147.96767130686,1147.96767130686,1196.91718086886,1197.3100966834
1147.96767130848,1147.96767130848,1196.93575148393,1197.32866711811
1147.96767131008,1147.96767131007,1196.95434114327,1197.34724809339
1147.96767131165,1147.96767131165,1196.97292272711,1197.36582953544
1147.96767131321,1147.96767131321,1196.99151974437,1197.38441784368
1147.96767131475,1147.96767131475,1197.01010536405,1197.40300331125
1147.96767131627,1147.96767131627,1197.02870447634,1197.42159366206
1147.96767131777,1147.96767131777,1197.0472905583,1197.44017957052
1147.96767131925,1147.96767131925,1197.06588918432,1197.45876938057
1147.96767132071,1147.96767132071,1197.08447396288,1197.47735396643
1147.96767132216,1147.96767132216,1197.10307087214,1197.49594201047
1147.96767132359,1147.96767132359,1197.12165352142,1197.51452445334
1147.967671325,1147.967671325,1197.14024816476,1197.5331101882
1147.96767132639,1147.96767132639,1197.15882833672,1197.5516901452
1147.96767132776,1147.96767132776,1197.17742050528,1197.57027336683
1147.96767132912,1147.96767132912,1197.19599808968,1197.58885073167
1147.96767133046,1147.96767133046,1197.21458774135,1197.60743140135
1147.96767133179,1147.96767133179,1197.23316274303,1197.62600618159
1147.96767133309,1147.96767133309,1197.25174991472,1197.64458433851
1147.96767133438,1147.96767133438,1197.27032239172,1197.66315659401
1147.96767133566,1147.96767133566,1197.28890715555,1197.68173231178
1147.96767133692,1147.96767133692,1197.3074771884,1197.70030212431
1147.96767133816,1147.96767133816,1197.32605963022,1197.71887548973
1147.96767133938,1147.96767133938,1197.34462730699,1197.73744294819
1147.9676713406,1147.9676713406,1197.36320751598,1197.75601405111
1147.96767134179,1147.96767134179,1197.38177292526,1197.77457924468
1147.96767134297,1147.96767134297,1197.40035098919,1197.79314817337
1147.96767134414,1147.96767134414,1197.41891421688,1197.81171118842
1147.96767134529,1147.96767134529,1197.43749022008,1197.83027802756
1147.96767134643,1147.96767134643,1197.45605134815,1197.84883894644
1147.96767134755,1147.96767134755,1197.47462537069,1197.86740377644
1147.96767134866,1147.96767134866,1197.49318447675,1197.88596267709
1147.96767134975,1147.96767134975,1197.51175659438,1197.90452557395
1147.96767135083,1147.96767135083,1197.53031375169,1197.92308252993
1147.9676713519,1147.9676713519,1197.54888403584,1197.94164356536
1147.96767135295,1147.96767135295,1197.56743931351,1197.96019864607
1147.96767135399,1147.96767135399,1197.58600783157,1197.9787578877
1147.96767135502,1147.96767135502,1197.60456129476,1197.99731115857
1147.96767135603,1147.96767135603,1197.62312811032,1198.0158686702
1147.96767135704,1147.96767135704,1197.64167982051,1198.03442019298
1147.96767135803,1147.96767135803,1197.66024499356,1198.05297603484
1147.967671359,1147.967671359,1197.67879500878,1198.07152586779
1147.96767135997,1147.96767135997,1197.69735859599,1198.09008009676
1147.96767136092,1147.96767136092,1197.71590697102,1198.10862829492
1147.96767136186,1147.96767136186,1197.73446902594,1198.12718096475
1147.96767136279,1147.96767136279,1197.75301581256,1198.14572758012
1147.9676713637,1147.9676713637,1197.77157638578,1198.16427874162
1147.96767136461,1147.96767136461,1197.79012163292,1198.18282382335
1147.9676713655,1147.9676713655,1197.80868077231,1198.20137352457
1147.96767136638,1147.96767136638,1197.82722452624,1198.21991711915
1147.96767136725,1147.96767136725,1197.84578227708,1198.23846540555
1147.96767136811,1147.96767136811,1197.86432458156,1198.25700755697
1147.96767136896,1147.96767136896,1197.88288098671,1198.27555447158
1147.9676713698,1147.9676713698,1197.90142188316,1198.29409522145
1147.96767137063,1147.96767137063,1197.91997698318,1198.31264080501
1147.96767137145,1147.96767137145,1197.93851651081,1198.33118019272
1147.96767137226,1147.96767137226,1197.95707034412,1198.34972448382
1147.96767137305,1147.96767137305,1197.97560854004,1198.36826254668
1147.96767137384,1147.96767137384,1197.99416114304,1198.38680558187
1147.96767137462,1147.96767137462,1198.01269804241,1198.40534235521
1147.96767137538,1147.96767137538,1198.03124944958,1198.42388416912
1147.96767137614,1147.96767137614,1198.04978508568,1198.4424196864
1147.96767137689,1147.96767137689,1198.06833532971,1198.46096031187
1147.96767137763,1147.96767137763,1198.0868697341,1198.47949460481
1147.96767137836,1147.96767137836,1198.10541884598,1198.49803407296
1147.96767137908,1147.96767137908,1198.12395204855,1198.51656717162
1147.96767137979,1147.96767137979,1198.14250005765,1198.53510551197
1147.96767138049,1147.96767138049,1198.16103208674,1198.55363744483
1147.96767138119,1147.96767138119,1198.17957902093,1198.57217468537
1147.96767138187,1147.96767138187,1198.19810990341,1198.59070547946
1147.96767138255,1147.96767138255,1198.21665578912,1198.60924164674
1147.96767138321,1147.96767138321,1198.23518555048,1198.62777132768
1147.96767138387,1147.96767138387,1198.2537304128,1198.64630644691
1147.96767138452,1147.96767138452,1198.27225907718,1198.66483503899
1147.96767138517,1147.96767138517,1198.29080293991,1198.68336913409
1147.9676713858,1147.9676713858,1198.30933053024,1198.70189666036
1147.96767138643,1147.96767138643,1198.32787341598,1198.72042975403
1147.96767138705,1147.96767138705,1198.34639995401,1198.73895623637
1147.96767138766,1147.96767138766,1198.36494188422,1198.75748835018
1147.96767138826,1147.96767138826,1198.38346739058,1198.77601380935
1147.96767138886,1147.96767138886,1198.40200838563,1198.79454496376
1147.96767138945,1147.96767138945,1198.42053287991,1198.81306941946
1147.96767139003,1147.96767139003,1198.43907295915,1198.83159963393
1147.9676713906,1147.9676713906,1198.45759645994,1198.85012310487
1147.96767139117,1147.96767139117,1198.47613564176,1198.86865239788
1147.96767139172,1147.96767139172,1198.49465816672,1198.88717490181
1147.96767139228,1147.96767139228,1198.51319646858,1198.90570329091
1147.96767139282,1147.96767139282,1198.53171803446,1198.92422484471
1147.96767139336,1147.96767139336,1198.55025547298,1198.9427523466
1147.96767139389,1147.96767139389,1198.56877609571,1198.96127296628
1147.96767139442,1147.96767139442,1198.58731268667,1198.97979959683
1147.96767139493,1147.96767139493,1198.60583238136,1198.99831929761
1147.96767139545,1147.96767139545,1198.62436813977,1199.0168450719
1147.96767139595,1147.96767139595,1198.64288692079,1199.03536386825
1147.96767139645,1147.96767139645,1198.66142186092,1199.05388880063
1147.96767139694,1147.96767139694,1198.67993974194,1199.07240670629
1147.96767139743,1147.96767139743,1198.69847387736,1199.09093081042
1147.96767139791,1147.96767139791,1198.71699087134,1199.10944783845
1147.96767139838,1147.96767139838,1198.73552421498,1199.1279711273
1147.96767139885,1147.96767139885,1198.75404033425,1199.14648729012
1147.96767139931,1147.96767139931,1198.7725728984,1199.16500977606
1147.96767139977,1147.96767139977,1198.79108815468,1199.18352508547
1147.96767140022,1147.96767140022,1198.80961995105,1199.20204678027
1147.96767140067,1147.96767140067,1198.82813435549,1199.2205612475
1147.9676714011,1147.9676714011,1198.84666539521,1199.23908216235
1147.96767140154,1147.96767140154,1198.86517895841,1199.25759579808
1147.96767140197,1147.96767140197,1198.88370925209,1199.27611594365
1147.96767140239,1147.96767140239,1198.90222198413,1199.29462875804
1147.96767140281,1147.96767140281,1198.92075154187,1199.31314814449
1147.96767140326,1147.96767140326,1198.9410572675,1199.33328355408
